,portfolio_value,returns,benchmark_period_return,benchmark_volatility,excess_returns
2018-01-01 00:00:00+00:00,100000.0,0.0,-0.008929886143951626,,0.008929886143951626
2018-01-02 00:00:00+00:00,100000.0,0.0,-0.00825539474371706,0.1078770892180286,0.00825539474371706
2018-01-03 00:00:00+00:00,100000.0,0.0,-0.007571403464605719,0.08812307942200183,0.007571403464605719
2018-01-04 00:00:00+00:00,100000.0,0.0,-0.002004474442950599,0.09664617290335095,0.002004474442950599
2018-01-05 00:00:00+00:00,100000.0,0.0,0.003315457727914195,0.09333520633188114,-0.003315457727914195
2018-01-08 00:00:00+00:00,100000.0,0.0,0.008682889293161855,0.08880631832312354,-0.008682889293161855
2018-01-09 00:00:00+00:00,100000.0,0.0,0.009675626635760715,0.08111791030053044,-0.009675626635760715
2018-01-10 00:00:00+00:00,100000.0,0.0,0.009400130148340846,0.0756767073986772,-0.009400130148340846
2018-01-11 00:00:00+00:00,100000.0,0.0,0.011775099867476824,0.07106052526534065,-0.011775099867476824
2018-01-12 00:00:00+00:00,100000.0,0.0,0.013380579397612946,0.0670108638748167,-0.013380579397612946
2018-01-15 00:00:00+00:00,100000.0,0.0,0.019607750001187974,0.06760725867526468,-0.019607750001187974
2018-01-16 00:00:00+00:00,100000.0,0.0,0.017546276284977846,0.06676801950724293,-0.017546276284977846
2018-01-17 00:00:00+00:00,100000.0,0.0,0.02544542557082452,0.06969136633082722,-0.02544542557082452
2018-01-18 00:00:00+00:00,100000.0,0.0,0.028086391898503926,0.06701093319067443,-0.028086391898503926
2018-01-19 00:00:00+00:00,100000.0,0.0,0.03549154748277017,0.06801806007807895,-0.03549154748277017
2018-01-22 00:00:00+00:00,100000.0,0.0,0.04106797638330173,0.06681645184209463,-0.04106797638330173
2018-01-23 00:00:00+00:00,100000.0,0.0,0.05292382522122896,0.07313944251902281,-0.05292382522122896
2018-01-24 00:00:00+00:00,100000.0,0.0,0.05302832388887091,0.0718084587074616,-0.05302832388887091
2018-01-25 00:00:00+00:00,100000.0,0.0,0.05111884823468538,0.07185176579802065,-0.05111884823468538
2018-01-29 00:00:00+00:00,100000.0,0.0,0.05683302537892687,0.07063768864116544,-0.05683302537892687
2018-01-30 00:00:00+00:00,100000.0,0.0,0.049684366524327395,0.07637166615357432,-0.049684366524327395
2018-01-31 00:00:00+00:00,100000.0,0.0,0.047903139234975356,0.0757625397930144,-0.047903139234975356
2018-02-01 00:00:00+00:00,100000.0,0.0,0.04694365146844426,0.07470846174232725,-0.04694365146844426
2018-02-02 00:00:00+00:00,100000.0,0.0,0.020049494368947096,0.11572621172717955,-0.020049494368947096
2018-02-05 00:00:00+00:00,100000.0,0.0,0.01560830099416255,0.11448946503045546,-0.01560830099416255
2018-02-06 00:00:00+00:00,100000.0,0.0,-0.0005794926114689458,0.12348747985181216,0.0005794926114689458
2018-02-07 00:00:00+00:00,100000.0,0.0,-0.0063601689078461865,0.12237507524964866,0.0063601689078461865
2018-02-08 00:00:00+00:00,100000.0,0.0,0.0050206859862538256,0.12507935606789952,-0.0050206859862538256
2018-02-09 00:00:00+00:00,100000.0,0.0,-0.0056666777498585175,0.12691630995785635,0.0056666777498585175
2018-02-12 00:00:00+00:00,100000.0,0.0,0.0008217395228213853,0.12620733270632598,-0.0008217395228213853
2018-02-14 00:00:00+00:00,100000.0,0.0,-0.0063316692712166445,0.12577528192712964,0.0063316692712166445
2018-02-15 00:00:00+00:00,100000.0,0.0,0.0022087218387969454,0.12615341418941878,-0.0022087218387969454
2018-02-16 00:00:00+00:00,100000.0,0.0,-0.0070869096419017286,0.12684044142870526,0.0070869096419017286
2018-02-19 00:00:00+00:00,100000.0,0.0,-0.013157332244013498,0.1259426390969861,0.013157332244013498
2018-02-20 00:00:00+00:00,100000.0,0.0,-0.016035795543606457,0.12426643918318941,0.016035795543606457
2018-02-21 00:00:00+00:00,100000.0,0.0,-0.012473340964902269,0.12294671339168314,0.012473340964902269
2018-02-22 00:00:00+00:00,100000.0,0.0,-0.014121569949982815,0.12127826264949045,0.014121569949982815
2018-02-23 00:00:00+00:00,100000.0,0.0,-0.0032204589391482408,0.12318563248164618,0.0032204589391482408
2018-02-26 00:00:00+00:00,100000.0,0.0,0.004773689135463943,0.12327503640738745,-0.004773689135463943
2018-02-27 00:00:00+00:00,100000.0,0.0,0.0023369702036302176,0.12185608697866707,-0.0023369702036302176
2018-02-28 00:00:00+00:00,100000.0,0.0,-0.0036574533674691434,0.12125993393175194,0.0036574533674691434
2018-03-01 00:00:00+00:00,100000.0,0.0,-0.007267407340555976,0.12008948443955614,0.007267407340555976
2018-03-05 00:00:00+00:00,100000.0,0.0,-0.01606904511967444,0.1205146723566327,0.01606904511967444
2018-03-06 00:00:00+00:00,100000.0,0.0,-0.028770383177614045,0.12283964147644694,0.028770383177614045
2018-03-07 00:00:00+00:00,100000.0,0.0,-0.03447506044297899,0.12206713140710283,0.03447506044297899
2018-03-08 00:00:00+00:00,100000.0,0.0,-0.027559148620854623,0.12211593344591411,0.027559148620854623
2018-03-09 00:00:00+00:00,100000.0,0.0,-0.028181390687268437,0.12078137727433812,0.028181390687268437
2018-03-12 00:00:00+00:00,100000.0,0.0,-0.009775375363963779,0.1275853776182463,0.009775375363963779
2018-03-13 00:00:00+00:00,100000.0,0.0,-0.009618627362500631,0.12625160265283375,0.009618627362500631
2018-03-14 00:00:00+00:00,100000.0,0.0,-0.010525865795210754,0.12496802028803673,0.010525865795210754
2018-03-15 00:00:00+00:00,100000.0,0.0,-0.016548789002939768,0.12440662693840744,0.016548789002939768
2018-03-16 00:00:00+00:00,100000.0,0.0,-0.02910762887773144,0.12620423021522928,0.02910762887773144
2018-03-19 00:00:00+00:00,100000.0,0.0,-0.04108697614105361,0.12760659484360412,0.04108697614105361
2018-03-20 00:00:00+00:00,100000.0,0.0,-0.03688327973818284,0.12688443083048545,0.03688327973818284
2018-03-21 00:00:00+00:00,100000.0,0.0,-0.03529205002636171,0.12580183663100888,0.03529205002636171
2018-03-22 00:00:00+00:00,100000.0,0.0,-0.03988049152373274,0.12496105673739039,0.03988049152373274
2018-03-23 00:00:00+00:00,100000.0,0.0,-0.051266096357271196,0.12604482421464386,0.051266096357271196
2018-03-26 00:00:00+00:00,100000.0,0.0,-0.036636282887392846,0.12947846194079587,0.036636282887392846
2018-03-27 00:00:00+00:00,100000.0,0.0,-0.03257508466767012,0.12874436379084242,0.03257508466767012
2018-03-28 00:00:00+00:00,100000.0,0.0,-0.03849350920775718,0.12816150044335337,0.03849350920775718
2018-04-02 00:00:00+00:00,100000.0,0.0,-0.029397375183465968,0.12873052432136078,0.029397375183465968
2018-04-03 00:00:00+00:00,100000.0,0.0,-0.026794408371292877,0.12782768659830132,0.026794408371292877
2018-04-04 00:00:00+00:00,100000.0,0.0,-0.038621757572590565,0.12895090814988452,0.038621757572590565
2018-04-05 00:00:00+00:00,100000.0,0.0,-0.018885759206569763,0.13461409052056778,0.018885759206569763
2018-04-06 00:00:00+00:00,100000.0,0.0,-0.019522251091298237,0.13356044335588702,0.019522251091298237
2018-04-09 00:00:00+00:00,100000.0,0.0,-0.014544314559989058,0.13294004167659215,0.014544314559989058
2018-04-10 00:00:00+00:00,100000.0,0.0,-0.01188434847455666,0.13204779987224916,0.01188434847455666
2018-04-11 00:00:00+00:00,100000.0,0.0,-0.01067786385723557,0.13108501562112063,0.01067786385723557
2018-04-12 00:00:00+00:00,100000.0,0.0,-0.006868412427741166,0.13033912198241077,0.006868412427741166
2018-04-13 00:00:00+00:00,100000.0,0.0,-0.004061198219722173,0.1295075863692889,0.004061198219722173
2018-04-16 00:00:00+00:00,100000.0,0.0,0.00040374485225380674,0.1288594388719667,-0.00040374485225380674
2018-04-17 00:00:00+00:00,100000.0,0.0,0.002004474442951487,0.1279821209755762,-0.002004474442951487
2018-04-18 00:00:00+00:00,100000.0,0.0,0.0009689876454082036,0.12710648165923252,-0.0009689876454082036
2018-04-19 00:00:00+00:00,100000.0,0.0,0.003956699552081444,0.1263494150949157,-0.003956699552081444
2018-04-20 00:00:00+00:00,100000.0,0.0,0.005072935320075356,0.12550692317863327,-0.005072935320075356
2018-04-23 00:00:00+00:00,100000.0,0.0,0.005353181746933444,0.12466783575629939,-0.005353181746933444
2018-04-24 00:00:00+00:00,100000.0,0.0,0.008920386265075964,0.12400187611379589,-0.008920386265075964
2018-04-25 00:00:00+00:00,100000.0,0.0,0.0036194538519640496,0.12357574514663644,-0.0036194538519640496
2018-04-26 00:00:00+00:00,100000.0,0.0,0.008464392079001737,0.12307392465340378,-0.008464392079001737
2018-04-27 00:00:00+00:00,100000.0,0.0,0.015983546209786814,0.12298057525771752,-0.015983546209786814
2018-04-30 00:00:00+00:00,100000.0,0.0,0.020372490250750275,0.12242247642703574,-0.020372490250750275
2018-05-02 00:00:00+00:00,100000.0,0.0,0.018083019441503145,0.12174475155093052,-0.018083019441503145
2018-05-03 00:00:00+00:00,100000.0,0.0,0.013618076369527277,0.1212691615301596,-0.013618076369527277
2018-05-04 00:00:00+00:00,100000.0,0.0,0.008397892926866213,0.12089099962349559,-0.008397892926866213
2018-05-07 00:00:00+00:00,100000.0,0.0,0.018648262234657542,0.1214055351082905,-0.018648262234657542
2018-05-08 00:00:00+00:00,100000.0,0.0,0.01784552246958948,0.12070225980430802,-0.01784552246958948
2018-05-09 00:00:00+00:00,100000.0,0.0,0.021099230984805928,0.12010431734549366,-0.021099230984805928
2018-05-10 00:00:00+00:00,100000.0,0.0,0.017470277253966104,0.11958712309966205,-0.017470277253966104
2018-05-11 00:00:00+00:00,100000.0,0.0,0.025849170423078105,0.11966720284549237,-0.025849170423078105
2018-05-14 00:00:00+00:00,100000.0,0.0,0.025711422179368393,0.11899539001429577,-0.025711422179368393
2018-05-15 00:00:00+00:00,100000.0,0.0,0.0263716637612883,0.11833376136628758,-0.0263716637612883
2018-05-16 00:00:00+00:00,100000.0,0.0,0.020548238009966635,0.11809824738906018,-0.020548238009966635
2018-05-17 00:00:00+00:00,100000.0,0.0,0.014359066921898034,0.11791348465756546,-0.014359066921898034
2018-05-18 00:00:00+00:00,100000.0,0.0,0.007409905523705795,0.11784155715994407,-0.007409905523705795
2018-05-21 00:00:00+00:00,100000.0,0.0,-0.0005794926114679466,0.1179416040125904,0.0005794926114679466
2018-05-22 00:00:00+00:00,100000.0,0.0,0.0015959796512605706,0.11737118373779895,-0.0015959796512605706
2018-05-23 00:00:00+00:00,99940.39996365794,-0.0005960003634205568,-0.009300381420135895,0.11807811849379782,0.008704381056715338
2018-05-24 00:00:00+00:00,100149.04996365793,0.002087744296359384,0.0006554916424827972,0.11858316031882599,0.0014322526538765867
2018-05-25 00:00:00+00:00,100072.99996365793,-0.0007593681620303716,0.0080511473478726,0.11855897631315745,-0.008810515509902972
2018-05-28 00:00:00+00:00,100262.14996365794,0.0018901202129315564,0.014881560260108007,0.11843254345722348,-0.01299144004717645
2018-05-29 00:00:00+00:00,99948.19996365794,-0.003131291320940255,0.00992737342599015,0.11810930313071939,-0.013058664746930404
2018-05-30 00:00:00+00:00,100076.89996365794,0.0012876670119801314,0.008573640686082573,0.1175457266864737,-0.007285973674102442
2018-05-31 00:00:00+00:00,100195.84996365794,0.0011885859778149044,0.01951750115186157,0.11816828856550451,-0.018328915174046667
2018-06-01 00:00:00+00:00,100078.84996365794,-0.0011677130344462938,0.015199806202472299,0.11779711801511385,-0.016367519236918593
2018-06-04 00:00:00+00:00,99930.64996365794,-0.0014808323642189203,0.009319381177891106,0.11759304314931428,-0.010800213542110026
2018-06-05 00:00:00+00:00,99938.44996365794,7.80541305678284e-05,0.0075334039491008475,0.11706782214141614,-0.007455349818533019
2018-06-06 00:00:00+00:00,100215.34996365794,0.0027707053701624407,0.015332804506743791,0.11710325259978203,-0.01256209913658135
2018-06-07 00:00:00+00:00,100178.29996365793,-0.0003697038429086863,0.022395964451454642,0.11701496474565108,-0.022765668294363328
2018-06-08 00:00:00+00:00,100312.84996365794,0.001343105243838627,0.022125217903472993,0.11647441903999207,-0.020782112659634366
2018-06-11 00:00:00+00:00,100336.24996365793,0.00023327021421959415,0.02427219052957197,0.11597355662803525,-0.024038920315352375
2018-06-12 00:00:00+00:00,100741.84996365794,0.004042407406564363,0.030960105258659,0.11583294211212634,-0.026917697852094635
2018-06-13 00:00:00+00:00,100878.34996365794,0.0013549483164072562,0.031216601988325543,0.11531001834743437,-0.029861653671918287
2018-06-14 00:00:00+00:00,100693.09996365794,-0.001836370242641161,0.026946406433318915,0.11498555188825159,-0.028782776675960076
2018-06-15 00:00:00+00:00,100501.99996365793,-0.0018978460298569866,0.02749264946872021,0.11447634234130434,-0.029390495498577196
2018-06-18 00:00:00+00:00,100453.24996365793,-0.00048506497400668813,0.02551667466239893,0.11401911090834722,-0.02600173963640562
2018-06-19 00:00:00+00:00,100293.34996365794,-0.0015917852340052718,0.01756052610329295,0.11413345890123218,-0.019152311337298222
2018-06-20 00:00:00+00:00,100320.64996365794,0.00027220149700735163,0.02345045100675036,0.11393856797560079,-0.02317824950974301
2018-06-21 00:00:00+00:00,100141.24996365793,-0.0017882659259583766,0.020472238978953783,0.11354299316730929,-0.02226050490491216
2018-06-22 00:00:00+00:00,100312.84996365794,0.0017135795694809275,0.02830013917322627,0.1135827509218191,-0.02658655960374534
2018-06-25 00:00:00+00:00,100137.34996365794,-0.0017495266066468451,0.022020719235830377,0.11348016709471664,-0.023770245842477222
2018-06-26 00:00:00+00:00,100078.84996365794,-0.0005841976048019948,0.022571712210669892,0.11300736096211263,-0.023155909815471887
2018-06-27 00:00:00+00:00,99846.79996365793,-0.0023186717281850067,0.013394829215928272,0.113310819264269,-0.01571350094411328
2018-06-28 00:00:00+00:00,99710.29996365793,-0.0013670943891008758,0.00640766830222983,0.11329311426416108,-0.0077747626913307055
2018-06-29 00:00:00+00:00,99774.64996365794,0.0006453696360704253,0.01757002598216939,0.11391887703445697,-0.016924656346098965
2018-07-02 00:00:00+00:00,99805.84996365794,0.00031270468011013186,0.011903348232310762,0.11375041450862457,-0.01159064355220063
2018-07-03 00:00:00+00:00,99727.84996365794,-0.0007815173161532796,0.017232780282052218,0.11352805047551853,-0.018014297598205498
2018-07-04 00:00:00+00:00,99704.44996365794,-0.00023463856895056256,0.023293703005287325,0.11337113599430683,-0.023528341574237888
2018-07-05 00:00:00+00:00,99673.24996365793,-0.0003129248495065129,0.02155997511031793,0.11295540551018217,-0.021872899959824443
2018-07-06 00:00:00+00:00,99671.29996365793,-1.9563925132581872e-05,0.02313695500382429,0.11252917315025777,-0.02315651892895687
2018-07-09 00:00:00+00:00,99858.49996365793,0.0018781735571649083,0.03083660683326328,0.11255493475102171,-0.028958433276098372
2018-07-10 00:00:00+00:00,99930.64996365794,0.0007225223694153904,0.03996124049418426,0.11275285990911817,-0.03923871812476887
2018-07-11 00:00:00+00:00,99768.79996365793,-0.0016196232092842155,0.03949574642923359,0.11232674333167118,-0.04111536963851781
2018-07-12 00:00:00+00:00,99885.79996365793,0.0011727113089725627,0.04644015788798739,0.11224262137221844,-0.045267446579014825
2018-07-13 00:00:00+00:00,99702.49996365793,-0.0018350956799334517,0.04707189983327753,0.11182033483515173,-0.04890699551321098
2018-07-16 00:00:00+00:00,99460.69996365794,-0.0024252150155524843,0.039353248246085215,0.1119030472957892,-0.0417784632616377
2018-07-17 00:00:00+00:00,99766.84996365794,0.0030781001954729437,0.046425908069672284,0.11183774905170792,-0.04334780787419934
2018-07-18 00:00:00+00:00,99825.34996365794,0.0005863671151420391,0.04341444646580772,0.11151223500162151,-0.04282807935066568
2018-07-19 00:00:00+00:00,99817.54996365793,-7.813646536514174e-05,0.04187071614836935,0.11113155696987617,-0.04194885261373449
2018-07-20 00:00:00+00:00,99911.14996365794,0.0009377108537935719,0.046121911945623095,0.1108437730683671,-0.04518420109182952
2018-07-23 00:00:00+00:00,100063.24996365793,0.0015223526108476548,0.052496330671784275,0.1107129366342938,-0.05097397806093662
2018-07-24 00:00:00+00:00,100065.19996365794,1.9487674053353388e-05,0.05763576514399471,0.11048025685191792,-0.05761627746994136
2018-07-25 00:00:00+00:00,100248.49996365793,0.001831805663373265,0.05666202755914895,0.11010230596262786,-0.05483022189577569
2018-07-26 00:00:00+00:00,100940.74996365793,0.0069053402320329305,0.06249020324990884,0.10992291555021551,-0.05558486301787591
2018-07-27 00:00:00+00:00,100837.74996363855,-0.001020400582088743,0.07097834502610123,0.10999122801149114,-0.07199874560818997
2018-07-30 00:00:00+00:00,101207.14996363808,0.003663310616636384,0.07471179742458323,0.10967930557279816,-0.07104848680794684
2018-07-31 00:00:00+00:00,101103.54996363807,-0.001023643092777804,0.07892499370633077,0.10939165955350777,-0.07994863679910857
2018-08-01 00:00:00+00:00,101125.74996363808,0.000219576859645354,0.07551453718965129,0.10912426363507245,-0.07529496033000593
2018-08-02 00:00:00+00:00,101114.64996363808,-0.00010976432811615755,0.0676106379643664,0.10923597491910467,-0.06772040229248255
2018-08-03 00:00:00+00:00,101329.24996363808,0.0021223433011654524,0.07939998765015788,0.10973187054547381,-0.07727764434899242
2018-08-06 00:00:00+00:00,101665.94996363808,0.0033228312665967152,0.08196495494682488,0.10938901341232207,-0.07864212368022816
2018-08-07 00:00:00+00:00,101480.94996363808,-0.0018196849590859099,0.08195070512850999,0.10902619183592653,-0.0837703900875959
2018-08-08 00:00:00+00:00,101702.94996363808,0.0021876026986300534,0.08823012506590566,0.10887532272357106,-0.08604252236727561
2018-08-09 00:00:00+00:00,101989.69996363808,0.0028194855714855915,0.08974060580727627,0.10852154627503212,-0.08692112023579068
2018-08-10 00:00:00+00:00,101440.24996363808,-0.0053873087203500925,0.0850096661267572,0.10834974260961466,-0.09039697484710729
2018-08-13 00:00:00+00:00,101214.54996363807,-0.002224955085194713,0.07950448631779983,0.10823544853083229,-0.08172944140299454
2018-08-14 00:00:00+00:00,101151.64996363808,-0.000621452153100277,0.08618765110744886,0.10812650626576673,-0.08680910326054914
2018-08-16 00:00:00+00:00,101077.64996363808,-0.0007315748188645443,0.08215020258491745,0.10791508611358165,-0.082881777403782
2018-08-17 00:00:00+00:00,101418.04996363807,0.0033677078970717478,0.08921336252962808,0.10783750032157699,-0.08584565463255633
2018-08-20 00:00:00+00:00,101610.44996363808,0.0018970981996693226,0.09766825472975271,0.10787702018374998,-0.09577115653008339
2018-08-21 00:00:00+00:00,101601.19996363808,-9.103394388410013e-05,0.09925473450213573,0.10754236830482626,-0.09934576844601983
2018-08-23 00:00:00+00:00,101429.14996363808,-0.0016933855118007601,0.09994347572068518,0.10720577271707857,-0.10163686123248594
2018-08-24 00:00:00+00:00,101355.14996363808,-0.0007295733033997331,0.09783450261009241,0.10691895903272651,-0.09856407591349214
2018-08-27 00:00:00+00:00,101593.79996363807,0.002354591750745705,0.11118183243163715,0.10755305947120526,-0.10882724068089145
2018-08-28 00:00:00+00:00,101540.14996363808,-0.0005280834068532858,0.1156420255641748,0.10730273581116404,-0.11617010897102809
2018-08-29 00:00:00+00:00,101699.24996363808,0.0015668678848415052,0.1102460943622976,0.10719292005728275,-0.10867922647745609
2018-08-30 00:00:00+00:00,101682.59996363807,-0.00016371802157777449,0.10954310332543304,0.10687941606098829,-0.10970682134701082
2018-08-31 00:00:00+00:00,101717.74996363808,0.0003456835290656102,0.10915360829149501,0.10656408383016812,-0.1088079247624294
2018-09-03 00:00:00+00:00,101545.69996363808,-0.0016914452006803193,0.09923573474438263,0.10689109717831681,-0.10092717994506295
2018-09-04 00:00:00+00:00,101197.89996363808,-0.0034250588663483628,0.09468529276251791,0.10672860111961807,-0.09811035162886628
2018-09-05 00:00:00+00:00,101221.94996363808,0.00023765315296708778,0.0897596055650296,0.10659037976827762,-0.08952195241206251
2018-09-06 00:00:00+00:00,101155.34996363807,-0.0006579600573188849,0.0943052976074561,0.1063683959158011,-0.09496325766477498
2018-09-07 00:00:00+00:00,101007.34996363807,-0.001463096119515117,0.10066071657586417,0.10624772746601717,-0.10212381269537929
2018-09-10 00:00:00+00:00,100774.24996363808,-0.0023077528524795277,0.0867386440822886,0.10713480601854204,-0.08904639693476812
2018-09-11 00:00:00+00:00,100670.64996363808,-0.00102804039759552,0.0717763348517313,0.10819660970576907,-0.07280437524932681
2018-09-12 00:00:00+00:00,100813.09996363807,0.0014150102343775117,0.0801552280208433,0.10824971559643581,-0.07874021778646578
2018-09-14 00:00:00+00:00,100990.69996363808,0.0017616758145924116,0.09350730778182625,0.10887475877437763,-0.09174563196723384
2018-09-17 00:00:00+00:00,100789.04996363807,-0.0019967185104431406,0.08028822632511479,0.10960436318736025,-0.08228494483555793
2018-09-18 00:00:00+00:00,100359.84996363807,-0.00425839910342285,0.0718000845489224,0.10974144740005912,-0.07605848365234524
2018-09-19 00:00:00+00:00,100269.19996363808,-0.0009032496564396197,0.06751563917560088,0.10955782362120618,-0.0684188888320405
2018-09-21 00:00:00+00:00,100243.29996363807,-0.0002583046439921244,0.06023873195616791,0.10958351587442866,-0.06049703660016004
2018-09-24 00:00:00+00:00,99980.59996363807,-0.0026206240227055755,0.04258320706411034,0.11110468587517157,-0.045203831086815915
2018-09-25 00:00:00+00:00,100319.14996363808,0.003386156915673011,0.05259132946054956,0.111341620188401,-0.04920517254487655
2018-09-26 00:00:00+00:00,99967.64996363808,-0.0035038175675072836,0.04945636943128995,0.11110218948695147,-0.05296018699879723
2018-09-27 00:00:00+00:00,100060.14996363808,0.0009252993346711147,0.04365194343772161,0.11100729934762428,-0.04272664410305049
2018-09-28 00:00:00+00:00,100054.59996363807,-5.546663683808628e-05,0.03850300908663451,0.11087083995948692,-0.038558475723472596
2018-10-01 00:00:00+00:00,100378.34996363807,0.003235733290799736,0.04637365873585142,0.11090129071374966,-0.043137925445051684
2018-10-03 00:00:00+00:00,100282.14996363808,-0.000958373992348549,0.030779607560003974,0.111996127175732,-0.03173798155235252
2018-10-04 00:00:00+00:00,100222.94996363808,-0.0005903343717845733,0.002493718205093254,0.11618616327061584,-0.003084052576877827
2018-10-05 00:00:00+00:00,99790.04996363807,-0.004319369966231057,-0.024975181566434856,0.12013074659523203,0.0206558116002038
2018-10-08 00:00:00+00:00,100078.64996363808,0.0028920719060183675,-0.016501289608557346,0.12024001264514438,0.019393361514575713
2018-10-09 00:00:00+00:00,99958.39996363808,-0.0012015549774470058,-0.02229146578381125,0.12010989461215076,0.021089910806364243
2018-10-10 00:00:00+00:00,100504.14996363808,0.005459771266832059,-0.006056172783796998,0.12131230791059108,0.011515944050629057
2018-10-11 00:00:00+00:00,99919.54996363807,-0.005816675233923485,-0.026423913095108165,0.12324031889152884,0.02060723786118468
2018-10-12 00:00:00+00:00,99986.14996363808,0.0006665362286384369,-0.005818675811883445,0.1252889685936603,0.006485212040521882
2018-10-15 00:00:00+00:00,99973.19996363808,-0.00012951793828164249,-0.0008312394016976032,0.1250956502764175,0.0007017214634159608
2018-10-16 00:00:00+00:00,100235.89996363808,0.0026277042256879213,0.004749939438272177,0.12493359925188328,-0.002122235212584256
2018-10-17 00:00:00+00:00,99899.19996363808,-0.003359075941076206,-0.006459917636050139,0.1252580255339997,0.0031008416949739326
2018-10-19 00:00:00+00:00,99899.19996363808,2.220446049250313e-16,-0.019940245761866704,0.12587359999602826,0.019940245761866926
2018-10-22 00:00:00+00:00,99856.64996363808,-0.00042592933692631174,-0.026020168242855135,0.12574489131589028,0.025594238905928823
2018-10-23 00:00:00+00:00,99704.94996363808,-0.00151917774184529,-0.032499085636658265,0.1256439106985699,0.030979907894812975
2018-10-24 00:00:00+00:00,99704.94996363808,-1.1102230246251565e-16,-0.027221902920738006,0.12548551450029635,0.027221902920737895
2018-10-25 00:00:00+00:00,99518.09996363807,-0.001874029324202553,-0.036778781070541666,0.1256427201070644,0.03490475174633911
2018-10-26 00:00:00+00:00,99412.64996363808,-0.001059606242869715,-0.048810377667685034,0.12608281681542338,0.04775077142481532
2018-10-29 00:00:00+00:00,100134.14996363808,0.00725762767881033,-0.02635266400353431,0.12852924280660985,0.03361029168234464
2018-10-30 00:00:00+00:00,100370.94996363808,0.0023648275846550604,-0.03194334272238053,0.12836643599179495,0.03430817030703559
2018-10-31 00:00:00+00:00,100624.39996363808,0.0025251330199806965,-0.015622550812477431,0.12942362885092906,0.018147683832458128
2018-11-01 00:00:00+00:00,100805.69996363808,0.0018017498744389293,-0.0138033240076193,0.1291259764767121,0.015605073882058229
2018-11-02 00:00:00+00:00,100801.99996363808,-3.670427368018814e-05,0.0029212127545370503,0.13016453778772888,-0.0029579170282172385
2018-11-05 00:00:00+00:00,101188.64996363808,0.0038357373875463896,-2.8499636630097136e-05,0.12989272820222214,0.0038642370241764867
2018-11-06 00:00:00+00:00,100790.89996363808,-0.003930776822725912,-0.000574742672031392,0.12958316233828793,-0.00335603415069452
2018-11-09 00:00:00+00:00,100711.34996363807,-0.0007892577606580797,0.005234433260975502,0.1294286031766563,-0.0060236910216335815
2018-11-12 00:00:00+00:00,100491.19996363808,-0.0021859502437360234,-0.004455443193099762,0.12955366287532863,0.0022694929493637384
2018-11-13 00:00:00+00:00,100574.44996363808,0.0008284307484647258,0.00520118368490774,0.12967658565329668,-0.004372752936443014
2018-11-14 00:00:00+00:00,100709.49996363808,0.0013427863642188065,0.003961449491518554,0.1293794066719679,-0.0026186631272997474
2018-11-15 00:00:00+00:00,100794.59996363807,0.0008450046920174259,0.007115409278531271,0.1291201063259116,-0.006270404586513845
2018-11-16 00:00:00+00:00,101023.99996363808,0.002275915575663312,0.014667812985383888,0.12906942681744585,-0.012391897409720576
2018-11-19 00:00:00+00:00,100892.64996363808,-0.0013001860948613775,0.023170204579891163,0.1290790126129705,-0.02447039067475254
2018-11-20 00:00:00+00:00,100692.84996363807,-0.00198032265057968,0.011504353319494731,0.12937757740260983,-0.013484675970074411
2018-11-21 00:00:00+00:00,100842.69996363808,0.00148818908248316,0.007490654494154647,0.12915371908013182,-0.006002465411671487
2018-11-22 00:00:00+00:00,100690.99996363808,-0.0015043230700357846,-0.0003942449733771447,0.1291351353123139,-0.0011100780966586399
2018-11-26 00:00:00+00:00,100842.69996363808,0.0015065894673285118,0.010126870882395611,0.12932771034581098,-0.0086202814150671
2018-11-27 00:00:00+00:00,100929.64996363808,0.0008622339547765812,0.015085807655951688,0.12913737781333257,-0.014223573701175107
2018-11-28 00:00:00+00:00,100744.64996363808,-0.0018329598890577392,0.018534263688137154,0.12889385258645195,-0.020367223577194893
2018-11-29 00:00:00+00:00,100892.64996363808,0.0014690606404748063,0.03319257679464527,0.12949291754144235,-0.03172351615417046
2018-11-30 00:00:00+00:00,100746.49996363808,-0.0014485693462573668,0.033852818376565175,0.12920446494777701,-0.03530138772282254
2018-12-03 00:00:00+00:00,100866.74996363808,0.0011935898521875377,0.0345178098979233,0.12891794810864013,-0.033324220045735764
2018-12-04 00:00:00+00:00,100692.84996363807,-0.0017240567388429051,0.03260833424373799,0.12865017538777304,-0.034332390982580896
2018-12-05 00:00:00+00:00,100611.44996363808,-0.0008083990077685232,0.025070180355200034,0.12860676763707868,-0.025878579362968557
2018-12-06 00:00:00+00:00,100433.84996363807,-0.0017652066446133263,0.0064124182416669395,0.12975903918681564,-0.008177624886280266
2018-12-07 00:00:00+00:00,100448.64996363808,0.00014736067576159861,0.016696037125526253,0.1299111699544667,-0.016548676449764654
2018-12-10 00:00:00+00:00,100387.59996363807,-0.0006077732256442037,-0.004669190467822104,0.13149193101750692,0.0040614172421779005
2018-12-11 00:00:00+00:00,100661.39996363808,0.002727428488171535,0.0029877119066725744,0.13145085379127577,-0.0002602834185010394
2018-12-12 00:00:00+00:00,100792.74996363808,0.0013048695929867016,0.019992495095686902,0.13234049144387505,-0.0186876255027002
2018-12-13 00:00:00+00:00,100924.09996363807,0.0013031691272178403,0.024894432595983895,0.13214570879026483,-0.023591263468766055
2018-12-14 00:00:00+00:00,100918.54996363807,-5.4991820605976294e-05,0.026210165820385267,0.13186836637917887,-0.026265157640991244
2018-12-17 00:00:00+00:00,100975.89996363808,0.0005682800636814811,0.034066565651287295,0.1318162078186395,-0.033498285587605814
2018-12-18 00:00:00+00:00,101110.94996363808,0.0013374478469476703,0.03680253076773221,0.13156128580815524,-0.03546508292078454
2018-12-19 00:00:00+00:00,101318.14996363808,0.002049234035230718,0.041300723415776064,0.13135292867889997,-0.039251489380545346
2018-12-20 00:00:00+00:00,101114.64996363808,-0.0020085246332768314,0.041234224263640096,0.13107697570366517,-0.04324274889691693
2018-12-21 00:00:00+00:00,101040.64996363808,-0.0007318425176431331,0.021697723354026754,0.13223833456451106,-0.022429565871669888
2018-12-24 00:00:00+00:00,101096.14996363808,0.0005492838775280617,0.013822323765371403,0.13220536371686445,-0.013273039887843341
2018-12-26 00:00:00+00:00,101136.84996363807,0.0004025870422823541,0.02047223897895245,0.132095775235222,-0.020069651936670097
2018-12-27 00:00:00+00:00,101088.74996363808,-0.0004755932186665257,0.02356444955326742,0.13185591544202757,-0.024040042771933945
2018-12-28 00:00:00+00:00,101131.29996363807,0.0004209172634470626,0.0315823473250707,0.13181698462703026,-0.03116143006162364
2018-12-31 00:00:00+00:00,101181.24996363808,0.0004939123695428815,0.03186259375192879,0.13154663768167893,-0.03136868138238591
2019-01-01 00:00:00+00:00,101362.54996363807,0.0017918339619755752,0.03681203064660843,0.131361668266019,-0.035020196684632854
2019-01-02 00:00:00+00:00,101107.24996363808,-0.0025186817033666653,0.024267440590131528,0.13167991918002708,-0.026786122293498194
2019-01-03 00:00:00+00:00,101005.49996363808,-0.0010063571112515213,0.01341857891311804,0.13185690255758234,-0.014424936024369561
2019-01-04 00:00:00+00:00,101236.74996363808,0.0022894792866059444,0.01940350260534096,0.13172087173675423,-0.017114023318735017
2019-01-07 00:00:00+00:00,101208.99996363808,-0.00027410994535048694,0.02319870421652026,0.13150610069680643,-0.023472814161870748
2019-01-08 00:00:00+00:00,101540.14996363808,0.0032719422197529102,0.024903932474860113,0.1312519026813656,-0.021631990255107203
2019-01-09 00:00:00+00:00,101512.39996363808,-0.0002732909101469394,0.030717858347305116,0.1311073063144389,-0.030991149257452055
2019-01-10 00:00:00+00:00,101541.99996363808,0.0002915899930511223,0.027483149589841993,0.13088816634183295,-0.02719155959679087
2019-01-11 00:00:00+00:00,101397.69996363808,-0.001421086841421837,0.024424188591594564,0.13066615714258376,-0.0258452754330164
2019-01-14 00:00:00+00:00,101355.14996363808,-0.00041963476504136565,0.02038674006906316,0.13047143596223196,-0.020806374834104524
2019-01-15 00:00:00+00:00,101397.69996363808,0.00041981093230369915,0.03401906625690443,0.1308769779751513,-0.03359925532460073
2019-01-16 00:00:00+00:00,101445.79996363807,0.0004743697343945197,0.03440381135140469,0.13062127034479787,-0.03392944161701017
2019-01-17 00:00:00+00:00,101240.44996363808,-0.0020242336309004294,0.034546309534552844,0.13036689853640845,-0.03657054316545327
2019-01-18 00:00:00+00:00,101162.74996363808,-0.0007674797971355396,0.03618503864075673,0.1301215294296171,-0.03695251843789227
2019-01-21 00:00:00+00:00,101051.74996363808,-0.0010972418211238066,0.04017973770834371,0.12992073219128727,-0.04127697952946752
2019-01-22 00:00:00+00:00,101003.64996363808,-0.0004759937360543365,0.037144526407287826,0.12970648401815502,-0.03762052014334216
2019-01-23 00:00:00+00:00,100826.04996363807,-0.0017583522978027455,0.028091141837941036,0.1297518308059265,-0.02984949413574378
2019-01-24 00:00:00+00:00,100903.74996363808,0.000770634176664009,0.03158709726450959,0.1295433184390682,-0.03081646308784558
2019-01-25 00:00:00+00:00,100807.54996363807,-0.0009533837943057621,0.023654698402595153,0.12952355023217918,-0.024608082196900916
2019-01-28 00:00:00+00:00,100681.74996363808,-0.0012479224030875757,0.014188069102118561,0.12960049020359568,-0.015435991505206137
2019-01-29 00:00:00+00:00,100650.29996363807,-0.00031237041481058103,0.014501565105044634,0.1293559114375989,-0.014813935519855215
2019-01-30 00:00:00+00:00,100877.84996363807,0.002260798031225031,0.010810862161507284,0.12916324387068315,-0.008550064130282253
2019-01-31 00:00:00+00:00,101140.54996363807,0.002604139561803498,0.027635147651867475,0.1299186863998309,-0.025031008090063978
2019-02-01 00:00:00+00:00,100692.84996363807,-0.004426513402991605,0.034798056324781834,0.12984471827728145,-0.03922456972777344
2019-02-04 00:00:00+00:00,100753.89996363808,0.000606299255826448,0.03634653658165865,0.1296095718824681,-0.0357402373258322
2019-02-05 00:00:00+00:00,100766.84996363807,0.0001285310048013688,0.038873504362819444,0.1293878957424222,-0.038744973358018076
2019-02-06 00:00:00+00:00,100946.29996363807,0.0017808436014896678,0.05148934351087053,0.12966184754176108,-0.049708499909380865
2019-02-07 00:00:00+00:00,100863.04996363807,-0.000824695902970074,0.05015461052871606,0.12943116697535784,-0.05097930643168613
2019-02-08 00:00:00+00:00,100835.29996363807,-0.0002751255292202659,0.03858375805708514,0.1296420609096634,-0.038858883586305404
2019-02-11 00:00:00+00:00,100613.29996363807,-0.002201609952864114,0.035477297664455065,0.1294406787249767,-0.03767890761731918
2019-02-12 00:00:00+00:00,100415.34996363807,-0.001967433729651469,0.028684884267725863,0.12936456142066935,-0.030652317997377332
2019-02-13 00:00:00+00:00,100115.64996363808,-0.0029846034506528785,0.023540699856077207,0.12922289291116956,-0.026525303306730086
2019-02-14 00:00:00+00:00,100087.3490177805,-0.0002826825363250185,0.02216796735841653,0.1289968992510186,-0.022450649894741548
2019-02-15 00:00:00+00:00,100262.8490177805,0.001753468362608368,0.019223004906687713,0.1287960942041167,-0.017469536544079345
2019-02-18 00:00:00+00:00,100401.2990177805,0.0013808703957280954,0.009960623002057023,0.12886026361458255,-0.008579752606328928
2019-02-19 00:00:00+00:00,100272.5990177805,-0.0012818559247645966,0.007476404675840653,0.12865222621336747,-0.00875826060060525
2019-02-20 00:00:00+00:00,100067.8490177805,-0.0020419337087661527,0.020500738615583103,0.1289979560174847,-0.022542672324349255
2019-02-21 00:00:00+00:00,100067.8490177805,0.0,0.025222178417225738,0.1288397059083136,-0.025222178417225738
2019-02-22 00:00:00+00:00,99958.64901778051,-0.0010912595910861356,0.025008431142503396,0.12861224673248384,-0.02609969073358953
2019-02-25 00:00:00+00:00,99983.9990177805,0.00025360486810388494,0.03350607279757223,0.1286152989638191,-0.03325246792946834
2019-02-26 00:00:00+00:00,100139.9990177805,0.0015602496552697964,0.02874188354098539,0.1284671234586418,-0.027181633885715595
2019-02-27 00:00:00+00:00,100083.44901778051,-0.0005647094123691909,0.025407426055318316,0.12828127786622437,-0.025972135467687507
2019-02-28 00:00:00+00:00,100022.9990177805,-0.0006039959712946796,0.02615791648656529,0.12805887540950095,-0.02676191245785997
2019-03-01 00:00:00+00:00,99876.7490177805,-0.0014621637167067103,0.031843593994177244,0.12793645519706762,-0.033305757710883954
2019-03-05 00:00:00+00:00,99757.7990177805,-0.0011909678796094836,0.04362819374053073,0.12814705291045658,-0.04481916162014021
2019-03-06 00:00:00+00:00,99673.94901778051,-0.0008405357859293527,0.049651116948259855,0.1280316916437488,-0.05049165273418921
2019-03-07 00:00:00+00:00,99523.7990177805,-0.0015064116700465036,0.05002636216388323,0.12781160141558376,-0.051532773833929735
2019-03-08 00:00:00+00:00,99541.3490177805,0.00017633973153352578,0.048463632088691755,0.12760215914235895,-0.04828729235715823
2019-03-11 00:00:00+00:00,99328.7990177805,-0.0021352935448164523,0.061692213424279885,0.1279024263927401,-0.06382750696909634
2019-03-12 00:00:00+00:00,99315.14901778051,-0.00013742238036662524,0.07255532491960826,0.12801851630409594,-0.07269274729997488
2019-03-13 00:00:00+00:00,99059.69901778051,-0.0025721151559091604,0.07750951175372589,0.12786433714636564,-0.08008162690963505
2019-03-14 00:00:00+00:00,99127.94901778051,0.0006889784713333125,0.07793225636373191,0.1276482059259531,-0.0772432778923986
2019-03-15 00:00:00+00:00,98901.7490177805,-0.0022818993254811737,0.08601190334823294,0.1276055189516029,-0.08829380267371412
2019-03-18 00:00:00+00:00,98847.14901778051,-0.0005520630377343627,0.09053384569346812,0.12744037659779314,-0.09108590873120248
2019-03-19 00:00:00+00:00,98712.5990177805,-0.0013611925213522502,0.09627652247433915,0.12730774849969306,-0.0976377149956914
2019-03-20 00:00:00+00:00,98661.89901778051,-0.0005136122491400386,0.09406780063554265,0.1271136305548363,-0.09458141288468269
2019-03-22 00:00:00+00:00,98907.5990177805,0.0024903230370187934,0.08893311610277044,0.12698525708515263,-0.08644279306575164
2019-03-25 00:00:00+00:00,99055.7990177805,0.0014983681888118827,0.07830750157935551,0.12710715714179524,-0.07680913339054363
2019-03-26 00:00:00+00:00,98626.7990177805,-0.004330892327898961,0.09182107928123973,0.12738653808102748,-0.09615197160913869
2019-03-27 00:00:00+00:00,98507.8490177805,-0.0012060616504299126,0.0861971509863253,0.12727407956554265,-0.08740321263675521
2019-03-28 00:00:00+00:00,98071.0490177805,-0.004434164428066545,0.10022847208698149,0.12757988954073,-0.10466263651504804
2019-03-29 00:00:00+00:00,98018.39901778051,-0.0005368556829695725,0.10306893587106813,0.1273873826957381,-0.10360579155403771
2019-04-01 00:00:00+00:00,97985.2490177805,-0.0003382018103970097,0.1072678823345008,0.1272181308364643,-0.1076060841448978
2019-04-02 00:00:00+00:00,97628.39901778051,-0.003641874706418635,0.11385604833538432,0.12711161377757652,-0.11749792304180295
2019-04-03 00:00:00+00:00,97996.94901778051,0.0037750286157298696,0.10556740401559939,0.12710159263100831,-0.10179237539986952
2019-04-04 00:00:00+00:00,97954.0490177805,-0.0004377687308635414,0.10241819416802489,0.12692920132119315,-0.10285596289888843
2019-04-05 00:00:00+00:00,98129.5490177805,0.0017916564119582201,0.10997534781431595,0.12685993838164403,-0.10818369140235773
2019-04-08 00:00:00+00:00,98322.5990177805,0.001967297332274631,0.10202869913408663,0.12683635214394234,-0.100061401801812
2019-04-09 00:00:00+00:00,98250.44901778051,-0.0007338089179981244,0.10931985617183448,0.1267582404766243,-0.11005366508983261
2019-04-10 00:00:00+00:00,98402.5490177805,0.001548084528066429,0.10034722057293832,0.12678174967216868,-0.0987991360448719
2019-04-11 00:00:00+00:00,98219.2490177805,-0.0018627566239862725,0.10227094604543852,0.12658663648944612,-0.10413370266942479
2019-04-12 00:00:00+00:00,98254.3490177805,0.0003573637586420375,0.10498316146469167,0.12640032486700725,-0.10462579770604963
2019-04-15 00:00:00+00:00,98199.7490177805,-0.0005557005928574776,0.11031259351443312,0.12626369698479023,-0.1108682941072906
2019-04-16 00:00:00+00:00,98209.4990177805,9.928742280429503e-05,0.1205392131250329,0.12631016651026541,-0.12043992570222861
2019-04-18 00:00:00+00:00,98422.0490177805,0.0021642509342352234,0.11593652180934733,0.1261751297917883,-0.1137722708751121
2019-04-22 00:00:00+00:00,98433.7490177805,0.00011887580188330027,0.10116896009575904,0.12655346699138995,-0.10105008429387574
2019-04-23 00:00:00+00:00,98607.2990177805,0.001763114802918242,0.1000099748728207,0.12636212543117356,-0.09824686006990246
2019-04-24 00:00:00+00:00,98400.5990177805,-0.0020961937103940453,0.11383704857763077,0.1266283036855077,-0.11593324228802482
2019-04-25 00:00:00+00:00,98566.3490177805,0.0016844409653447023,0.1068783873005621,0.1265665770579754,-0.10519394633521739
2019-04-26 00:00:00+00:00,98355.7490177805,-0.00213663184340962,0.11611226956856324,0.1265671571485704,-0.11824890141197286
2019-04-30 00:00:00+00:00,98377.19901778051,0.00021808587921112732,0.11520028119641501,0.12637659691187741,-0.11498219531720388
2019-05-02 00:00:00+00:00,98511.7490177805,0.0013676949673642191,0.11327180578447638,0.1261960261640875,-0.11190411081711216
2019-05-03 00:00:00+00:00,98441.5490177805,-0.0007126053562130918,0.11242631656446411,0.12600673695374098,-0.1131389219206772
2019-05-06 00:00:00+00:00,98484.44901778051,0.00043579159844653326,0.10124970906620967,0.12614352948729532,-0.10081391746776314
2019-05-07 00:00:00+00:00,98617.0490177805,0.0013464054611915799,0.09205382631371473,0.126179610779558,-0.09070742085252315
2019-05-08 00:00:00+00:00,98880.2990177805,0.0026694167248153544,0.07933823843746013,0.12641845165187984,-0.07666882171264477
2019-05-09 00:00:00+00:00,98831.5490177805,-0.0004930203537434341,0.07328681559310146,0.12633086206315247,-0.0737798359468449
2019-05-10 00:00:00+00:00,98556.5990177805,-0.0027820063808827733,0.06938236537484177,0.12618566963559796,-0.07216437175572454
2019-05-13 00:00:00+00:00,98523.44901778051,-0.00033635495066164367,0.05968298904189018,0.12625492493682375,-0.06001934399255182
2019-05-14 00:00:00+00:00,98195.8490177805,-0.0033250967487027383,0.06771988657144634,0.1262281299684715,-0.07104498332014908
2019-05-15 00:00:00+00:00,98367.44901778051,0.0017475280443772778,0.0585240038189514,0.1262718683281927,-0.05677647577457412
2019-05-16 00:00:00+00:00,98184.14901778051,-0.0018634213027813873,0.07116359266419359,0.12649186840608603,-0.07302701396697497
2019-05-17 00:00:00+00:00,98000.8490177805,-0.001866900124243176,0.08462492103225694,0.12675206309761444,-0.08649182115650011
2019-05-20 00:00:00+00:00,97863.5469775848,-0.0014010290887459531,0.12409216782486032,0.1303386171836369,-0.12549319691360628
2019-05-21 00:00:00+00:00,97598.0469775848,-0.0027129611402784137,0.11263056396030957,0.13046428447956981,-0.11534352510058798
2019-05-22 00:00:00+00:00,97764.5469775848,0.0017059767603571085,0.1167107619377854,0.1303035352566701,-0.11500478517742829
2019-05-23 00:00:00+00:00,97761.5469775848,-3.068597045385868e-05,0.10982334975229091,0.13023283175492106,-0.10985403572274477
2019-05-24 00:00:00+00:00,98169.5469775848,0.004173420047184351,0.12528915256330508,0.1305635057393702,-0.12111573251612073
2019-05-27 00:00:00+00:00,98303.0469775848,0.0013598921876505354,0.13243306147846656,0.13047315435953452,-0.13107316929081603
2019-05-28 00:00:00+00:00,98297.0469775848,-6.10357479698953e-05,0.1343995364059114,0.13028841777991063,-0.1344605721538813
2019-05-29 00:00:00+00:00,97935.5469775848,-0.00367762828198126,0.12687088239624988,0.13023794780636253,-0.13054851067823114
2019-05-30 00:00:00+00:00,98109.5469775848,0.0017766786970601078,0.1347035325299606,0.1301701438322735,-0.13292685383290048
2019-05-31 00:00:00+00:00,98064.5469775848,-0.0004586709590074234,0.13221931420374422,0.1300010855567346,-0.13267798516275164
2019-06-03 00:00:00+00:00,98163.5469775848,0.0010095391561093514,0.14875860332780788,0.130375129523791,-0.14774906417169853
2019-06-04 00:00:00+00:00,98073.5469775848,-0.0009168372860501872,0.1434244213386282,0.1302593984522045,-0.1443412586246784
2019-06-06 00:00:00+00:00,97578.5469775848,-0.005047232564283077,0.1255931486873545,0.1307787615788259,-0.13064038125163757
2019-06-07 00:00:00+00:00,97752.5469775848,0.0017831788378646074,0.12704188021602758,0.13059463463472917,-0.12525870137816297
2019-06-10 00:00:00+00:00,97838.0469775848,0.0008746575167972725,0.13317405203083688,0.13047926392420373,-0.1322993945140396
2019-06-11 00:00:00+00:00,97923.5469775848,0.000873893159575978,0.1364562601826831,0.13031150745007564,-0.1355823670231071
2019-06-12 00:00:00+00:00,97851.5469775848,-0.000735267483892188,0.13212906535441693,0.13017548677512836,-0.13286433283830912
2019-06-13 00:00:00+00:00,97869.5469775848,0.00018395212498889535,0.13101282958642302,0.12999711537934897,-0.13082887746143412
2019-06-14 00:00:00+00:00,97787.0469775848,-0.0008429588421298151,0.12201644429033554,0.13000308782703873,-0.12285940313246535
2019-06-17 00:00:00+00:00,97632.5469775848,-0.001579963857947675,0.10901586004778463,0.1302069905692791,-0.1105958239057323
2019-06-18 00:00:00+00:00,97713.5469775848,0.0008296413696817773,0.11156182758669853,0.1300355181396297,-0.11073218621701675
2019-06-19 00:00:00+00:00,97650.5469775848,-0.0006447417164628932,0.11213182031929114,0.12985437580348277,-0.11277656203575404
2019-06-20 00:00:00+00:00,97868.0469775848,0.0022273300737365442,0.12496615668150257,0.1300117957876503,-0.12273882660776603
2019-06-21 00:00:00+00:00,97962.5469775848,0.0009655858364236991,0.11461603864550773,0.13007638925363077,-0.11365045280908403
2019-06-24 00:00:00+00:00,98082.5469775848,0.0012249579426253376,0.1117423252853531,0.12991925085964554,-0.11051736734272777
2019-06-25 00:00:00+00:00,98195.0469775848,0.001146993052960843,0.11879123541174885,0.129836675551992,-0.11764424235878801
2019-06-26 00:00:00+00:00,98211.5469775848,0.00016803291518119323,0.1247951588617251,0.12972540727025852,-0.1246271259465439
2019-06-27 00:00:00+00:00,98349.5469775848,0.001405130091592044,0.12514190444071893,0.12954758528686094,-0.12373677434912689
2019-06-28 00:00:00+00:00,98373.5469775848,0.00024402756024355376,0.12040621482076164,0.12942576321157664,-0.12016218726051808
2019-07-01 00:00:00+00:00,98334.5469775848,-0.00039644804114757903,0.1271178792470402,0.12933377353702039,-0.1275143272881878
2019-07-02 00:00:00+00:00,98417.0469775848,0.0008389726961248734,0.13119807722451626,0.12918605198911676,-0.1303591045283914
2019-07-03 00:00:00+00:00,98472.5469775848,0.000563926694657102,0.1317728198965471,0.12901093680010506,-0.13120889320189
2019-07-04 00:00:00+00:00,98522.0469775848,0.000502678172945803,0.13412403991849198,0.1288441869672309,-0.13362136174554617
2019-07-05 00:00:00+00:00,98582.0469775848,0.0006090007449159884,0.12118045494920038,0.1290355089429606,-0.12057145420428439
2019-07-08 00:00:00+00:00,98165.0469775848,-0.0042299791167332845,0.09856599328358673,0.12996008111889754,-0.10279597240032001
2019-07-09 00:00:00+00:00,98283.5469775848,0.0012071506472874916,0.09749250697053724,0.12978989338669034,-0.09628535632324975
2019-07-10 00:00:00+00:00,98130.5469775848,-0.0015567203739085267,0.09191607807000568,0.12969080284626847,-0.0934727984439142
2019-07-11 00:00:00+00:00,98379.5469775848,0.0025374361773085052,0.09966797923326598,0.1296384614422407,-0.09713054305595747
2019-07-12 00:00:00+00:00,98388.5469775848,9.14824297986172e-05,0.09701276308727169,0.12948478040158334,-0.09692128065747307
2019-07-15 00:00:00+00:00,98297.0469775848,-0.000929986292213969,0.10081271463788943,0.1293390838757034,-0.1017427009301034
2019-07-16 00:00:00+00:00,98408.0469775848,0.0011292302608572058,0.107785625733273,0.1292619702899156,-0.10665639547241579
2019-07-17 00:00:00+00:00,98679.5469775848,0.0027589207218170486,0.1101795952101623,0.1291001926850422,-0.10742067448834525
2019-07-18 00:00:00+00:00,98418.5469775848,-0.0026449249919974216,0.1020666986495935,0.12907889922123766,-0.10471162364159092
2019-07-19 00:00:00+00:00,98207.0469775848,-0.002148985191258501,0.08651539692869026,0.12943881761512416,-0.08866438211994876
2019-07-22 00:00:00+00:00,98022.5469775848,-0.0018786839201275773,0.07690626944506573,0.12947959892627214,-0.07878495336519331
2019-07-23 00:00:00+00:00,97752.5469775848,-0.002754468316985781,0.07618902858988674,0.12931247705752116,-0.07894349690687252
2019-07-24 00:00:00+00:00,97692.5469775848,-0.0006137947486294371,0.07047485144564525,0.12922157684843447,-0.07108864619427469
2019-07-25 00:00:00+00:00,97733.0469775848,0.00041456591370558904,0.06985260937923177,0.12905523100147387,-0.06943804346552618
2019-07-26 00:00:00+00:00,97773.5469775848,0.0004143941200287493,0.07326781583534947,0.1289104482772296,-0.07285342171532072
2019-07-29 00:00:00+00:00,97788.5469775848,0.00015341572913829538,0.0632406936811567,0.12897402862674037,-0.0630872779520184
2019-07-30 00:00:00+00:00,97310.0469775848,-0.004893211063967229,0.05264357879437154,0.12906692115298485,-0.057536789858338766
2019-07-31 00:00:00+00:00,97464.5469775848,0.0015877086159004072,0.055797538581384254,0.12892100980525897,-0.05420982996548385
2019-08-01 00:00:00+00:00,96984.5469775848,-0.004924867707130298,0.044160186957617364,0.12906888116831813,-0.04908505466474766
2019-08-02 00:00:00+00:00,96728.0469775848,-0.0026447512309284438,0.04501992599594473,0.12890487838854703,-0.047664677226873176
2019-08-05 00:00:00+00:00,96033.54678226347,-0.007179925750824712,0.03155859762788138,0.12916226134649172,-0.03873852337870609
2019-08-06 00:00:00+00:00,95985.94678226348,-0.0004956601270585947,0.038469759510567414,0.12910536829170338,-0.03896541963762601
2019-08-07 00:00:00+00:00,96402.44678226348,0.004339176868721983,0.02966812173144917,0.12912445103749642,-0.025328944862727187
2019-08-08 00:00:00+00:00,96193.34678226347,-0.0021690320835143773,0.04954661828061813,0.12986712803758493,-0.051715650364132504
2019-08-09 00:00:00+00:00,96307.24678226348,0.0011840735748369635,0.05553629191227927,0.1297784401444997,-0.054352218337442304
2019-08-13 00:00:00+00:00,96608.14678226347,0.0031243754759211484,0.03761002047224027,0.13033151432460358,-0.03448564499631912
2019-08-14 00:00:00+00:00,96404.14678226347,-0.00211162315803215,0.04630715958371656,0.1303329148536237,-0.04841878274174871
2019-08-16 00:00:00+00:00,96359.94678226348,-0.00045848650162128024,0.049024124942408376,0.13018400840174035,-0.049482611444029656
2019-08-19 00:00:00+00:00,96487.44678226348,0.001323163868989008,0.050221109680852916,0.13002353476132456,-0.04889794581186391
2019-08-20 00:00:00+00:00,96582.64678226347,0.00098665684682131,0.04722389789530301,0.12988316858799429,-0.0462372410484817
2019-08-21 00:00:00+00:00,96818.94678226348,0.002446609280989387,0.03730602434819086,0.1299443262517679,-0.03485941506720147
2019-08-22 00:00:00+00:00,97118.14678226347,0.0030903042218881627,0.019944995701306034,0.13046439785711963,-0.01685469147941787
2019-08-23 00:00:00+00:00,97004.24678226348,-0.0011727983263040143,0.02995311809774548,0.13052866962040302,-0.031125916424049493
2019-08-26 00:00:00+00:00,96716.94678226348,-0.0029617260020056158,0.0504823563499579,0.13129977144627458,-0.05344408235196352
2019-08-27 00:00:00+00:00,96509.54678226347,-0.002144401854071276,0.05596378646172395,0.13119846353006753,-0.05810818831579523
2019-08-28 00:00:00+00:00,96526.54678226347,0.00017614837668178396,0.04915237330724165,0.13114037688773192,-0.048976224930559864
2019-08-29 00:00:00+00:00,96866.54678226347,0.0035223470779177646,0.04131972317353072,0.1311159704017843,-0.037797376095612956
2019-08-30 00:00:00+00:00,96931.14678226347,0.0006668969024488103,0.04820238541958699,0.13105398133648494,-0.04753548851713818
2019-09-03 00:00:00+00:00,97113.04678226347,0.0018765897860322234,0.02369269791810269,0.132184595178948,-0.021816108132070466
2019-09-04 00:00:00+00:00,96886.94678226348,-0.002328214462336109,0.029487624032794812,0.13209551684658113,-0.03181583849513092
2019-09-05 00:00:00+00:00,96931.14678226347,0.0004562018049689698,0.02985336936954197,0.13193525409232176,-0.029397167564573
2019-09-06 00:00:00+00:00,96931.14678226347,2.220446049250313e-16,0.03938174788271587,0.1319685040354568,-0.039381747882715645
2019-09-09 00:00:00+00:00,96781.54678226347,-0.001543363562344302,0.04539517121156833,0.13188273933838102,-0.04693853477391263
2019-09-11 00:00:00+00:00,96533.34678226347,-0.0025645384709379604,0.04678690346698233,0.13172700409340451,-0.04935144193792029
2019-09-12 00:00:00+00:00,96509.54678226347,-0.00024654692697723135,0.04318644937277183,0.13159807642131674,-0.04343299629974906
2019-09-13 00:00:00+00:00,96305.54678226347,-0.0021137805201825177,0.05271482788594595,0.1316257457613448,-0.054828608406128465
2019-09-16 00:00:00+00:00,96563.94678226348,0.002683126866869223,0.044331184777395505,0.1316189729253267,-0.04164805791052628
2019-09-17 00:00:00+00:00,96909.04678226347,0.003573797586982952,0.02854238608457882,0.13199190804831704,-0.024968588497595867
2019-09-18 00:00:00+00:00,96696.54678226347,-0.002192777733924567,0.030608609740227166,0.1318429400186916,-0.03280138747415173
2019-09-19 00:00:00+00:00,96897.14678226347,0.0020745311665752997,0.016178293726756277,0.1321367617120828,-0.014103762560180977
2019-09-20 00:00:00+00:00,95965.54678226347,-0.00961431818104408,0.07115409278531848,0.138411482853415,-0.08076841096636256
2019-09-23 00:00:00+00:00,96085.14573403154,0.0012462696850925603,0.10155845512969841,0.1399448691997792,-0.10031218544460585
2019-09-24 00:00:00+00:00,95656.14573403154,-0.004464790022668974,0.10087446385058718,0.13978141393524807,-0.10533925387325616
2019-09-25 00:00:00+00:00,94940.04573403153,-0.0074861891466032615,0.08595015413553608,0.14002098330473808,-0.09343634328213934
2019-09-26 00:00:00+00:00,95048.94573403154,0.0011470396833925811,0.10008597390383378,0.14020097913934296,-0.0989389342204412
2019-09-27 00:00:00+00:00,94996.14573403154,-0.0005555032682608152,0.0936735556621664,0.14011469141725283,-0.09422905893042721
2019-09-30 00:00:00+00:00,94666.14573403154,-0.0034738251478532156,0.09040559732863507,0.13997288537865993,-0.09387942247648828
2019-10-01 00:00:00+00:00,94179.39573403154,-0.005141753646203728,0.07988448147286231,0.1400144720948424,-0.08502623511906604
2019-10-03 00:00:00+00:00,94151.34573403154,-0.00029783584595521884,0.074730797182337,0.13990360835251964,-0.07502863302829221
2019-10-04 00:00:00+00:00,93961.59573403154,-0.0020153721491780185,0.06055222795909465,0.14011540590463786,-0.06256760010827267
2019-10-07 00:00:00+00:00,93943.44573403154,-0.00019316402470825889,0.05638178113229175,0.139988211142546,-0.05657494515700001
2019-10-09 00:00:00+00:00,94364.19573403154,0.004478758435061181,0.07534828930931248,0.14048196551413164,-0.0708695308742513
2019-10-10 00:00:00+00:00,94111.74573403154,-0.002675273158810443,0.06771513663200901,0.14043012748960823,-0.07039040979081945
2019-10-11 00:00:00+00:00,94123.29573403153,0.00012272644514155218,0.07360506153546642,0.1403270687279158,-0.07348233509032487
2019-10-14 00:00:00+00:00,94144.74573403154,0.00022789257253186257,0.07631727695471979,0.14017716521876286,-0.07608938438218793
2019-10-15 00:00:00+00:00,94253.64573403154,0.0011567294504957193,0.08589315486227656,0.1401717460947913,-0.08473642541178084
2019-10-16 00:00:00+00:00,94167.84573403154,-0.0009103096154192691,0.08978335526222136,0.14003472121202865,-0.09069366487764063
2019-10-17 00:00:00+00:00,94478.04573403153,0.0032941180461549813,0.10030447111799412,0.14005667797445184,-0.09701035307183914
2019-10-18 00:00:00+00:00,94606.74573403154,0.0013622212335160366,0.1078236252487792,0.1399857676980261,-0.10646140401526316
2019-10-22 00:00:00+00:00,94644.69573403154,0.00040113418663279,0.10102646191261178,0.139910614243724,-0.10062532772597899
2019-10-23 00:00:00+00:00,94806.39573403154,0.0017084951115948765,0.10336343211624177,0.13975934200798704,-0.1016549370046469
2019-10-24 00:00:00+00:00,94402.14573403154,-0.004263952836410789,0.10057521766597599,0.13961730684955215,-0.10483917050238678
2019-10-25 00:00:00+00:00,95040.69573403154,0.006764147096815387,0.09955398068674737,0.13946282929187376,-0.09278983358993198
2019-10-29 00:00:00+00:00,94992.84573403154,-0.0005034685366142044,0.12006896912064491,0.139991389890066,-0.12057243765725911
2019-10-30 00:00:00+00:00,95293.14573403154,0.0031612907022577907,0.12571664711275043,0.13987982179993275,-0.12255535641049264
2019-10-31 00:00:00+00:00,96055.44573403154,0.007999526032309134,0.12869960907998546,0.13973434952316424,-0.12070008304767632
2019-11-01 00:00:00+00:00,96071.94573403154,0.00017177578922167314,0.13043808691439307,0.1395813576477894,-0.1302663111251714
2019-11-04 00:00:00+00:00,96085.14573403154,0.00013739702989390423,0.13477478162153567,0.13945078285304166,-0.13463738459164176
2019-11-05 00:00:00+00:00,96253.44573403154,0.001751571470431701,0.1322525637798131,0.1393087113265092,-0.1305009923093814
2019-11-06 00:00:00+00:00,96202.29573403153,-0.0005314095470549951,0.13628051242346784,0.1391752573344878,-0.13681192197052283
2019-11-07 00:00:00+00:00,96218.79573403153,0.0001715135784867705,0.14151494568444378,0.1390579605418231,-0.141343432105957
2019-11-08 00:00:00+00:00,96162.69573403154,-0.0005830461665209397,0.1310270794047388,0.13908527958105724,-0.13161012557125973
2019-11-11 00:00:00+00:00,96245.19573403154,0.0008579210406931548,0.13169682086553514,0.13893217684712234,-0.13083889982484198
2019-11-13 00:00:00+00:00,95847.54573403153,-0.004131634799713901,0.12436291437284286,0.13887119852032428,-0.12849454917255676
2019-11-14 00:00:00+00:00,95829.39573403154,-0.00018936322115481463,0.1275596236148,0.13873174683586958,-0.12774898683595481
2019-11-15 00:00:00+00:00,96382.14573403154,0.00576806308509048,0.13003909200157793,0.13858703154190544,-0.12427102891648745
2019-11-18 00:00:00+00:00,96446.49573403154,0.0006676547768253993,0.1299393432733742,0.1384359594704885,-0.1292716884965488
2019-11-19 00:00:00+00:00,96642.84573403154,0.0020358437961442988,0.13577226890357252,0.1383318171851993,-0.13373642510742823
2019-11-20 00:00:00+00:00,96533.94573403154,-0.0011268294013163649,0.13936322311890637,0.13819740723118767,-0.14049005252022273
2019-11-21 00:00:00+00:00,96677.49573403154,0.0014870416712844392,0.13657025872920214,0.13806261784620835,-0.1350832170579177
2019-11-22 00:00:00+00:00,96591.69573403154,-0.0008874867863358782,0.1320150668078992,0.13794998356994467,-0.13290255359423508
2019-11-25 00:00:00+00:00,96811.14573403154,0.0022719344383832496,0.14749036949779004,0.13815248548506315,-0.1452184350594068
2019-11-26 00:00:00+00:00,96791.34573403154,-0.0002045219055086811,0.1444314084995426,0.13802120428921877,-0.1446359304050513
2019-11-27 00:00:00+00:00,97111.44573403154,0.00330711384961635,0.15064432928480276,0.13792373516838796,-0.1473372154351864
2019-11-28 00:00:00+00:00,97243.44573403154,0.0013592630508407755,0.1547482769594699,0.13779607203758576,-0.15338901390862913
2019-11-29 00:00:00+00:00,97005.84573403154,-0.002443352332967108,0.14454540704606145,0.13781323546606045,-0.14698875937902856
2019-12-02 00:00:00+00:00,96926.64573403154,-0.0008164456420196586,0.14456915674325277,0.13766610221931763,-0.14538560238527243
2019-12-03 00:00:00+00:00,96827.64573403154,-0.0010213909627251327,0.1400852139135238,0.13755434872849576,-0.14110660487624893
2019-12-04 00:00:00+00:00,96986.04573403153,0.0016358964301899093,0.14352892000627127,0.13742217292116396,-0.14189302357608136
2019-12-05 00:00:00+00:00,96811.14573403154,-0.001803352210890563,0.14073595561656727,0.13729107265033552,-0.14253930782745783
2019-12-06 00:00:00+00:00,96227.04573403153,-0.006033396212505315,0.13182981916980685,0.1372736808878392,-0.13786321538231217
2019-12-09 00:00:00+00:00,96189.09573403154,-0.0003943797682918193,0.13399579155365915,0.13713354823344803,-0.13439017132195097
2019-12-10 00:00:00+00:00,96060.39573403154,-0.001337989498891523,0.12680438324411503,0.1370742696000624,-0.12814237274300655
2019-12-11 00:00:00+00:00,96005.94573403154,-0.0005668308940841582,0.13173957032047978,0.13696226022929878,-0.13230640121456394
2019-12-12 00:00:00+00:00,96324.39573403154,0.003316982063612972,0.13701200309696193,0.1368550405992874,-0.13369502103334896
2019-12-13 00:00:00+00:00,96717.09573403154,0.004076848829493995,0.14851160647701867,0.1368968541918377,-0.14443475764752467
2019-12-16 00:00:00+00:00,96689.04573403153,-0.00029002111557541177,0.14573289190562932,0.13676808654926834,-0.14602291302120474
2019-12-17 00:00:00+00:00,96725.34573403154,0.00037543032640807716,0.15655325394601327,0.13678506588578943,-0.1561778236196052
2019-12-18 00:00:00+00:00,96520.74573403154,-0.0021152677041091916,0.1615929396900202,0.13667344602756146,-0.1637082073941294
2019-12-19 00:00:00+00:00,96557.04573403153,0.00037608495172647416,0.16466615050658207,0.13654140467582548,-0.1642900655548556
2019-12-20 00:00:00+00:00,96852.39573403154,0.0030588135516651516,0.16539289124063794,0.1363998310054747,-0.1623340776889728
2019-12-23 00:00:00+00:00,96692.34573403154,-0.00165251462069671,0.16526939281524267,0.13625896084191091,-0.16692190743593938
2019-12-24 00:00:00+00:00,96677.49573403154,-0.00015357989184416887,0.1601252084035938,0.1361614948054789,-0.16027878829543796
2019-12-26 00:00:00+00:00,96624.69573403154,-0.0005461457146682669,0.15242080663471635,0.1361139840391306,-0.15296695234938462
2019-12-27 00:00:00+00:00,96850.74573403154,0.002339464029177618,0.16380166152881648,0.13614719780839654,-0.16146219749963886
2019-12-30 00:00:00+00:00,96759.99573403154,-0.0009370087892686119,0.1645664017783781,0.13600752569570945,-0.16550341056764672
2019-12-31 00:00:00+00:00,96731.94573403154,-0.00028989253035005547,0.1567337516446674,0.13596298616508987,-0.15702364417501746
2020-01-01 00:00:00+00:00,96778.14573403154,0.00047760850512656994,0.15800673541412436,0.13582500500050207,-0.15752912690899779
2020-01-02 00:00:00+00:00,96903.54573403153,0.0012957470826586714,0.1668083731932426,0.1357861172092088,-0.16551262611058393
2020-01-03 00:00:00+00:00,96745.14573403154,-0.0016346151092835326,0.16109419604900133,0.13569975746475155,-0.16272881115828486
2020-01-06 00:00:00+00:00,96230.34573403154,-0.005321197214538165,0.13885497959901105,0.13627632668986098,-0.14417617681354922
2020-01-07 00:00:00+00:00,96213.84573403154,-0.0001714635843208523,0.14571389214787578,0.1361993778373394,-0.14588535573219663
2020-01-08 00:00:00+00:00,96261.69573403154,0.0004973296684585016,0.1420374390226531,0.13608464443556925,-0.1415401093541946
2020-01-09 00:00:00+00:00,96613.14573403154,0.0036509849252088777,0.160357955436069,0.1364091005727289,-0.15670697051086013
2020-01-10 00:00:00+00:00,96690.69573403154,0.0008026857981986435,0.16435265450365577,0.13628946866253483,-0.16354996870545713
2020-01-13 00:00:00+00:00,96632.94573403154,-0.0005972653269437078,0.1712970659624098,0.1362109950906556,-0.1718943312893535
2020-01-14 00:00:00+00:00,96550.44573403154,-0.0008537460942883435,0.17418977908031752,0.13608247260142256,-0.17504352517460586
2020-01-15 00:00:00+00:00,96415.14573403154,-0.0014013399831700468,0.1723183029416384,0.13595311384544065,-0.17371964292480846
2020-01-16 00:00:00+00:00,96385.44573403154,-0.00030804288863395257,0.1736197863477249,0.13581815007116438,-0.17392782923635886
2020-01-17 00:00:00+00:00,96215.49573403154,-0.0017632330141311714,0.1728645459770397,0.13568438346632822,-0.17462777899117088
2020-01-20 00:00:00+00:00,96085.14573403154,-0.0013547713806967288,0.16190643569294583,0.1357228356428641,-0.16326120707364256
2020-01-21 00:00:00+00:00,96081.84573403154,-3.434453863604414e-05,0.15610200969937726,0.13564023311657347,-0.1561363542380133
2020-01-22 00:00:00+00:00,96141.24573403154,0.0006182229280276008,0.1502595841903025,0.13555884224246062,-0.1496413612622749
2020-01-23 00:00:00+00:00,96387.09573403154,0.0025571751033901524,0.15707574728422302,0.13548246202125422,-0.15451857218083287
2020-01-24 00:00:00+00:00,96425.04573403153,0.000393724903847259,0.1639394097725264,0.1354062392071893,-0.16354568486867915
2020-01-27 00:00:00+00:00,96167.64573403154,-0.0026694309350911993,0.15042583207064197,0.1355340418523507,-0.15309526300573317
2020-01-28 00:00:00+00:00,96164.34573403154,-3.431507525020194e-05,0.14587064014933904,0.13543393353330727,-0.14590495522458924
2020-01-29 00:00:00+00:00,96182.49573403154,0.00018873939048269506,0.1525253053023583,0.13535612924485702,-0.1523365659118756
2020-01-30 00:00:00+00:00,95953.14573403154,-0.0023845295159965474,0.1422464363579372,0.1353787245248228,-0.14463096587393376
2020-01-31 00:00:00+00:00,96220.44573403154,0.0027857346203210565,0.13679825582223915,0.135292889647741,-0.1340125212019181
2020-02-03 00:00:00+00:00,95816.14558346602,-0.004201811241688502,0.11382279875931656,0.13592203409619777,-0.11802461000100506
2020-02-04 00:00:00+00:00,95568.64558346602,-0.0025830719707296,0.1382089878354058,0.13663284577601284,-0.1407920598061354
2020-02-05 00:00:00+00:00,95403.64558346602,-0.0017265076740665686,0.14872060381230234,0.1366432554395925,-0.1504471114863689
2020-02-06 00:00:00+00:00,95071.99558346602,-0.003476282252860452,0.15264405378831514,0.1365278206043947,-0.1561203360411756
2020-02-07 00:00:00+00:00,95113.24558346602,0.0004338817098223924,0.14821236029240725,0.13642633539767654,-0.14777847858258486
2020-02-10 00:00:00+00:00,95164.39558346602,0.0005377799872794409,0.1433389224287398,0.13633124918425488,-0.14280114244146036
2020-02-11 00:00:00+00:00,94956.49558346602,-0.002184640576187502,0.15047808140446306,0.13626265621411704,-0.15266272198065056
2020-02-12 00:00:00+00:00,95093.44558346602,0.001442239408252055,0.1593557182145935,0.13622900908060817,-0.15791347880634143
2020-02-13 00:00:00+00:00,94855.84558346601,-0.002498594919367547,0.1560355105472413,0.13611598017561566,-0.15853410546660884
2020-02-14 00:00:00+00:00,95108.29558346601,0.0026614068795354218,0.1507535778918827,0.13602762112428335,-0.14809217101234728
2020-02-17 00:00:00+00:00,95281.54558346601,0.001821607662477298,0.14474965444190668,0.1359513289995825,-0.14292804677942939
2020-02-18 00:00:00+00:00,95170.99558346602,-0.0011602456627148872,0.14075020543488148,0.13584670530109508,-0.14191045109759637
2020-02-19 00:00:00+00:00,95100.04558346601,-0.000745500239490382,0.15242555657415457,0.13589187547453943,-0.15317105681364496
2020-02-20 00:00:00+00:00,94849.24558346602,-0.0026372227106860047,0.14787986453172808,0.13579427716826212,-0.15051708724241408
2020-02-24 00:00:00+00:00,95014.24558346602,0.0017396026608855752,0.12439141400947218,0.13642263328265297,-0.1226518113485866
2020-02-25 00:00:00+00:00,94849.24558346602,-0.0017365816987418015,0.12234894005101515,0.13630068274091314,-0.12408552174975696
2020-02-26 00:00:00+00:00,94827.79558346601,-0.00022614834591538902,0.10933410599014937,0.13641700638321078,-0.10956025433606476
2020-02-27 00:00:00+00:00,95047.24558346602,0.0023141948903246945,0.10388117551501286,0.1363342355321673,-0.10156698062468816
2020-02-28 00:00:00+00:00,95609.89558346602,0.005919687588483713,0.06563941309748356,0.13830717263652745,-0.059719725508999844
2020-03-02 00:00:00+00:00,96175.84558346601,0.005919366364184775,0.05916049570368043,0.13824354759191057,-0.05324112933949565
2020-03-03 00:00:00+00:00,96080.14558346602,-0.0009950523379276266,0.07625552774202204,0.13855073127494674,-0.07725058007994967
2020-03-04 00:00:00+00:00,96268.24558346602,0.0019577405806137094,0.06933486598045935,0.13849506947178977,-0.06737712539984564
2020-03-05 00:00:00+00:00,96172.54558346601,-0.000994097268730454,0.0694963639213606,0.13836533193649897,-0.07049046119009106
2020-03-06 00:00:00+00:00,96767.94558346088,0.006190956019544558,0.04318169943333294,0.13927526257367695,-0.036990743413788385
2020-03-09 00:00:00+00:00,97416.34558344157,0.0067005659371104365,-0.006540666606500101,0.1429433078848351,0.013241232543610537
2020-03-11 00:00:00+00:00,97738.34558344157,0.003305400116084156,-0.006873162367179164,0.1428103675539507,0.01017856248326332
2020-03-12 00:00:00+00:00,98940.84558341511,0.012303257158644332,-0.08509991497608349,0.1525112834391277,0.09740317213472782
2020-03-13 00:00:00+00:00,96935.29558241264,-0.020270192650735264,-0.04806938711531361,0.1548726206338658,0.027799194464578347
2020-03-16 00:00:00+00:00,98126.59558241264,0.012289641176027377,-0.1260063934184834,0.1644996598980203,0.13829603459451079
2020-03-17 00:00:00+00:00,98665.24558241264,0.005489337491053625,-0.1483073590811712,0.16525202305517528,0.15379669657222483
2020-03-18 00:00:00+00:00,98582.59558241264,-0.000837680983938438,-0.18877684309525,0.16821134133582233,0.18793916211131156
2020-03-19 00:00:00+00:00,99280.84558241264,0.0070828932417008605,-0.21455951436619125,0.1694144326648793,0.2216424076078921
2020-03-20 00:00:00+00:00,98955.94558241263,-0.003272534576977515,-0.16929734145889563,0.17379482181074332,0.16602480688191812
2020-03-23 00:00:00+00:00,100486.39558241263,0.015465973176168601,-0.2745274997743773,0.193707925932705,0.2899934729505459
2020-03-24 00:00:00+00:00,100289.74558241264,-0.0019569813292658056,-0.2540267611587945,0.19451312415845096,0.2520697798295287
2020-03-25 00:00:00+00:00,99999.04558241264,-0.002898601430403658,-0.21146730379187584,0.19820989164302744,0.20856870236147218
2020-03-26 00:00:00+00:00,99833.74558241264,-0.0016530157766734277,-0.17792798141823607,0.2001493466310827,0.17627496564156264
2020-03-27 00:00:00+00:00,99733.99558241264,-0.0009991611495500097,-0.1760280056429273,0.19997464465107612,0.1750288444933773
2020-03-30 00:00:00+00:00,100212.79558241264,0.004800770260972254,-0.21229854319357344,0.2019714657847552,0.2170993134545457
2020-03-31 00:00:00+00:00,99685.54558241264,-0.005261304177133663,-0.187176113504552,0.20296074895174443,0.18191480932741833
2020-04-01 00:00:00+00:00,100204.24558241264,0.005203362202308215,-0.21505825800720957,0.20407244168048433,0.22026162020951778
2020-04-03 00:00:00+00:00,100819.84558241264,0.006143452270130689,-0.2298970688123717,0.20427136611973853,0.2360405210825024
2020-04-07 00:00:00+00:00,100269.79558241264,-0.005455771101636642,-0.16597713379154322,0.21168094131640283,0.16052136268990658
2020-04-08 00:00:00+00:00,100437.94558241263,0.0016769755939294306,-0.16853260120933367,0.21149871718338423,0.1702095768032631
2020-04-09 00:00:00+00:00,100167.19558241263,-0.0026956943257847588,-0.13564877047817547,0.2129966799455562,0.13295307615239071
2020-04-13 00:00:00+00:00,100369.54558241264,0.00202012244451355,-0.14437915916571964,0.21291000086075781,0.1463992816102332
2020-04-15 00:00:00+00:00,100426.54558241264,0.0005679013456645343,-0.15046383158614618,0.21276991920833943,0.1510317329318107
2020-04-16 00:00:00+00:00,100081.69558241263,-0.0034338530515022336,-0.1434339212175033,0.21265553915451296,0.14000006816600108
2020-04-17 00:00:00+00:00,99856.54558241264,-0.0022496621254244342,-0.11733300400419766,0.2134567933772111,0.11508334187877323
2020-04-20 00:00:00+00:00,99907.84558241264,0.0005137369783903001,-0.12012121845446344,0.21327610107050424,0.12063495543285374
2020-04-21 00:00:00+00:00,100315.39558241263,0.004079259217573794,-0.14680637821867648,0.21404152683645708,0.15088563743625028
2020-04-22 00:00:00+00:00,100150.09558241264,-0.0016478029024387109,-0.1266428853032111,0.214443406610596,0.1249950824007724
2020-04-23 00:00:00+00:00,100244.14558241263,0.0009390904666943811,-0.11623576799395674,0.2144046407318559,0.11717485846065112
2020-04-24 00:00:00+00:00,100591.84558241264,0.003468531732999658,-0.12848111186582234,0.21441062568461053,0.131949643598822
2020-04-27 00:00:00+00:00,100540.54558241264,-0.0005099816958619163,-0.11749925188453703,0.21438973440538842,0.11698927018867511
2020-04-28 00:00:00+00:00,100341.04558241264,-0.0019842740940416714,-0.10684988766393078,0.2143545602530201,0.1048656135698891
2020-04-29 00:00:00+00:00,100053.19558241263,-0.002868716369549662,-0.09401555130171946,0.21438235489967022,0.0911468349321698
2020-04-30 00:00:00+00:00,100024.69558241263,-0.0002848484731955425,-0.06408618290116641,0.21532271353283755,0.06380133442797087
2020-05-04 00:00:00+00:00,100645.99558241264,0.006211466042284508,-0.11596977138541331,0.21826062288320916,0.12218123742769782
2020-05-05 00:00:00+00:00,101099.14558241263,0.0045024146005783194,-0.12383567109519211,0.21814723449203402,0.12833808569577043
2020-05-06 00:00:00+00:00,101034.14558235621,-0.0006429332283863776,-0.11767024970431483,0.21800835416118158,0.11702731647592846
2020-05-07 00:00:00+00:00,101093.9955823562,0.0005923739905457914,-0.1247809090434081,0.21788150005732554,0.1253732830339539
2020-05-08 00:00:00+00:00,101349.14558235621,0.002523888768370508,-0.12130870331403132,0.21770857751792844,0.12383259208240183
2020-05-11 00:00:00+00:00,101456.2455823562,0.001056742998518434,-0.12152720052819177,0.21751919761120247,0.1225839435267102
2020-05-12 00:00:00+00:00,101342.84558235621,-0.0011177232052012043,-0.1250944050463343,0.21734582292299434,0.12397668184113309
2020-05-13 00:00:00+00:00,100873.4955823562,-0.00463130867603867,-0.10860261531665338,0.217518966128849,0.10397130664061471
2020-05-14 00:00:00+00:00,101264.09558235621,0.0038721767075189373,-0.13074208303843993,0.21794239169381752,0.13461425974595886
2020-05-15 00:00:00+00:00,101377.4955823562,0.0011198441002000514,-0.13276080729970563,0.21775882813791858,0.13388065139990568
2020-05-18 00:00:00+00:00,102070.4955823562,0.006835836652100413,-0.16112269568562887,0.21862477677960748,0.16795853233772928
2020-05-19 00:00:00+00:00,102221.69558235622,0.0014813291454824906,-0.15540851854138749,0.21848535764860053,0.15688984768686998
2020-05-20 00:00:00+00:00,102180.7455823562,-0.00040059988994245455,-0.1369217542476321,0.21877982316291938,0.13652115435768963
2020-05-21 00:00:00+00:00,102290.9955823562,0.0010789704006528567,-0.1353020248991812,0.21859618890660146,0.13638099529983405
2020-05-22 00:00:00+00:00,102347.69558235622,0.0005543009888331341,-0.14011846348958923,0.21843789364439298,0.14067276447842236
2020-05-26 00:00:00+00:00,102313.04558235621,-0.00033855183355957497,-0.14063145694892254,0.21825130079383132,0.14029290511536296
2020-05-27 00:00:00+00:00,101859.44558235622,-0.0044334522290697675,-0.11485828555685773,0.2189581731200838,0.11042483332778796
2020-05-28 00:00:00+00:00,101916.14558235621,0.0005566494071886918,-0.09865149219347302,0.2191037182985927,0.09920814160066171
2020-05-29 00:00:00+00:00,101708.2455823562,-0.0020399123103808092,-0.09100883963729312,0.21898890259015238,0.0889689273269123
2020-06-01 00:00:00+00:00,101153.84558235621,-0.005450885489427515,-0.06785288487571628,0.21943865402593069,0.062401999386288765
2020-06-02 00:00:00+00:00,101119.19558235622,-0.00034254753045226405,-0.050477606410516684,0.21959101253449287,0.05013505888006442
2020-06-03 00:00:00+00:00,100851.44558235622,-0.0026478652095478505,-0.04354744477007766,0.2194566911549447,0.04089957956052981
2020-06-04 00:00:00+00:00,100870.34558235621,0.00018740435390718346,-0.047090899591028634,0.21928471670236155,0.04727830394493582
2020-06-05 00:00:00+00:00,99941.09558235621,-0.009212320971392907,-0.03403331607521842,0.219281049544743,0.024820995103825516
2020-06-08 00:00:00+00:00,99105.94544530808,-0.00835642367318179,-0.03336357461442219,0.2190968063567268,0.025007150941240397
2020-06-09 00:00:00+00:00,98973.44544530808,-0.001336953089995152,-0.04751839414047332,0.21912071309089598,0.04618144105047817
2020-06-10 00:00:00+00:00,99230.49544530809,0.002597161277385629,-0.03676928119166345,0.2190592269153364,0.03936644246904908
2020-06-11 00:00:00+00:00,98613.04544530809,-0.0062223815091229095,-0.05854775351614128,0.2193687130254966,0.05232537200701837
2020-06-12 00:00:00+00:00,98708.44544530808,0.0009674176430634063,-0.0539878116553999,0.2192077687565933,0.054955229298463304
2020-06-15 00:00:00+00:00,98419.59544530808,-0.002926294692383258,-0.06729714196143854,0.2192145171993999,0.06437084726905529
2020-06-16 00:00:00+00:00,98363.94544530808,-0.0005654361791287421,-0.059435992191098186,0.21910006070812862,0.058870556011969444
2020-06-17 00:00:00+00:00,98379.84544530808,0.00016164459373824158,-0.06171121318203043,0.21892327468810235,0.061872857775768675
2020-06-18 00:00:00+00:00,98761.44544530808,0.003878843255676223,-0.04134347287071949,0.2191914238830709,0.04522231612639571
2020-06-19 00:00:00+00:00,98986.69544530808,0.0022807483121005667,-0.025877670059705316,0.21925654917518728,0.028158418371805882
2020-06-22 00:00:00+00:00,99180.14544530808,0.0019543030417343843,-0.01916600563342663,0.21911939974781253,0.021120308675161015
2020-06-23 00:00:00+00:00,99445.14544530808,0.0026719057409139157,-0.004151447069048353,0.2191587914443802,0.006823352809962269
2020-06-24 00:00:00+00:00,98999.94544530808,-0.004476839950370848,-0.019607750001186086,0.21920877120588952,0.015130910050815238
2020-06-25 00:00:00+00:00,99058.24544530809,0.0005888892134007229,-0.022999206760112356,0.21903987433765076,0.02358809597351308
2020-06-26 00:00:00+00:00,99010.54544530809,-0.0004815348766330496,-0.011931847868938084,0.21897969946106427,0.011450312992305034
2020-06-29 00:00:00+00:00,98729.64544530808,-0.0028370715335082064,-0.020077994005574862,0.21886519799453827,0.017240922472066655
2020-06-30 00:00:00+00:00,98713.74544530809,-0.00016104585333287513,-0.020814234618506955,0.21868635212968593,0.02065318876517408
2020-07-01 00:00:00+00:00,98997.29544530809,0.002872446980112686,-0.010164870397900816,0.21861747925650646,0.013037317378013502
2020-07-02 00:00:00+00:00,99063.54544530809,0.0006692102011673917,0.0035292050026378696,0.21861676589639728,-0.002859994801470478
2020-07-03 00:00:00+00:00,99005.24544530809,-0.0005885111393696407,0.007243657643366763,0.21845054788146076,-0.007832168782736404
2020-07-06 00:00:00+00:00,99180.14544530808,0.0017665730660363366,0.02314170494326362,0.2185031197357211,-0.021375131877227282
2020-07-07 00:00:00+00:00,99185.44544530808,5.34381148185048e-05,0.024799433807220828,0.21832747436301927,-0.024745995692402323
2020-07-08 00:00:00+00:00,99392.14544530808,0.0020839751142114338,0.016121294453497637,0.21821947293255417,-0.014037319339286203
2020-07-09 00:00:00+00:00,99821.44544530808,0.0043192547869512765,0.029164628150992966,0.21819367611897028,-0.02484537336404169
2020-07-10 00:00:00+00:00,99582.94544530808,-0.0023892661435230833,0.023250953550344233,0.21804944243564547,-0.025640219693867317
2020-07-13 00:00:00+00:00,99450.44544530808,-0.0013305491156893057,0.02738815080107937,0.21788750406002924,-0.028718699916768675
2020-07-14 00:00:00+00:00,99100.64544530808,-0.003517329645268963,0.007951398619669536,0.21804993646054768,-0.0114687282649385
2020-07-15 00:00:00+00:00,98999.94544530808,-0.0010161386895867208,0.010587615007910722,0.21788014608583126,-0.011603753697497443
2020-07-16 00:00:00+00:00,99079.44544530808,0.0008030307455464403,0.0191517558151153,0.21776988010239018,-0.01834872506956886
2020-07-17 00:00:00+00:00,99262.29544530809,0.0018454887305654477,0.038412760237308774,0.21792184094666253,-0.036567271506743326
2020-07-20 00:00:00+00:00,99315.29544530809,0.0005339388915219789,0.047603893050365276,0.2178171435837668,-0.0470699541588433
2020-07-21 00:00:00+00:00,99527.29544530809,0.0021346158116877234,0.061430966755175564,0.21779975350860079,-0.05929635094348784
2020-07-22 00:00:00+00:00,99405.39544530808,-0.001224789636396606,0.05863325242603312,0.2176330990593329,-0.05985804206242973
2020-07-23 00:00:00+00:00,99731.34544530808,0.0032789970659021783,0.06727339226425033,0.21751815865723392,-0.06399439519834815
2020-07-24 00:00:00+00:00,99394.79544530809,-0.0033745659250586924,0.06379168665599688,0.21735594651258194,-0.06716625258105557
2020-07-27 00:00:00+00:00,99156.29544530809,-0.0023995220165349274,0.05681402562117488,0.21722508392257414,-0.05921354763770981
2020-07-28 00:00:00+00:00,99225.19544530808,0.0006948625872980063,0.07272632273938662,0.21725605843192353,-0.07203146015208861
2020-07-29 00:00:00+00:00,99341.79544530809,0.0011751047652435176,0.0637204375644227,0.21715177458186466,-0.06254533279917918
2020-07-30 00:00:00+00:00,99124.49544530809,-0.002187397550305503,0.0540258111709091,0.2170593482550545,-0.0562132087212146
2020-07-31 00:00:00+00:00,99124.49544530809,0.0,0.0540258111709091,0.21688785658511528,-0.0540258111709091
2020-08-03 00:00:00+00:00,99408.04544530809,0.002860544194713821,0.03548679754333284,0.21700555053503692,-0.032626253348619016
2020-08-04 00:00:00+00:00,99394.79544530809,-0.00013328901036802066,0.05472405226833521,0.21714467560507433,-0.05485734127870323
2020-08-05 00:00:00+00:00,99392.14544530808,-2.666135573947681e-05,0.056377031192853755,0.21697565520565007,-0.05640369254859323
2020-08-06 00:00:00+00:00,99352.39544530808,-0.0003999309987918753,0.0646324259365707,0.21685835895189845,-0.06503235693536258
2020-08-07 00:00:00+00:00,99336.49544530809,-0.00016003640303507982,0.0655919137031018,0.21668879744856184,-0.06575195010613688
2020-08-10 00:00:00+00:00,99492.84544530808,0.0015739431847188179,0.07107809375430607,0.21654149839891856,-0.06950415056958725
2020-08-11 00:00:00+00:00,99582.94544530808,0.0009055927549033171,0.07652627429000436,0.21639393790082687,-0.07562068153510104
2020-08-12 00:00:00+00:00,100001.39544530808,0.0042020247355489815,0.07450755002873866,0.21622902151644907,-0.07030552529318967
2020-08-13 00:00:00+00:00,99941.59544530808,-0.0005979916553534581,0.07464529827244859,0.21606055870273183,-0.07524328992780205
2020-08-14 00:00:00+00:00,99655.59544530808,-0.002861671346406691,0.062376204703391336,0.21601487096951183,-0.06523787604979803
2020-08-17 00:00:00+00:00,99481.39544530808,-0.0017480202613971985,0.0696531119228243,0.21588725482411786,-0.0714011321842215
2020-08-18 00:00:00+00:00,99564.59544530808,0.0008363372832433935,0.08215020258491834,0.21583907136323568,-0.08131386530167495
2020-08-19 00:00:00+00:00,99673.79544530809,0.001096775410090567,0.08501441606619631,0.21567728445154613,-0.08391764065610574
2020-08-20 00:00:00+00:00,99556.79544530809,-0.001173829083936151,0.07427480299626277,0.21560288768445163,-0.07544863208019892
2020-08-21 00:00:00+00:00,99725.79544530809,0.0016975235014755619,0.08093421808872026,0.21546884860899704,-0.0792366945872447
2020-08-24 00:00:00+00:00,99873.99544530809,0.0014860748850209493,0.08991160362705464,0.21536173020473434,-0.08842552874203369
2020-08-25 00:00:00+00:00,100248.39544530808,0.0037487235624313886,0.0905243458145919,0.2151961054119123,-0.08677562225216051
2020-08-26 00:00:00+00:00,100331.59544530808,0.000829938470639835,0.09739750818177173,0.2150639412218023,-0.0965675697111319
2020-08-27 00:00:00+00:00,100648.79544530653,0.00316151655508512,0.0992784841993275,0.21490091435242112,-0.09611696764424238
2020-08-28 00:00:00+00:00,101096.89544530504,0.004452114881414726,0.1074103805176494,0.21478228876327868,-0.10295826563623467
2020-08-31 00:00:00+00:00,100461.29544530142,-0.006287037769102333,0.07738601332833084,0.2152879792489551,-0.08367305109743317
2020-09-01 00:00:00+00:00,100776.19544530142,0.0031345405074081345,0.0919255779488819,0.21528117423672907,-0.08879103744147376
2020-09-02 00:00:00+00:00,100665.74544530142,-0.0010959929526209722,0.09658051859838857,0.21513154589764819,-0.09767651155100954
2020-09-03 00:00:00+00:00,100529.44544530142,-0.0013539859005371468,0.09587752756152423,0.21496844205092597,-0.09723151346206138
2020-09-04 00:00:00+00:00,100254.49544530142,-0.0027350195634927577,0.07902949237397294,0.2150217045760951,-0.0817645119374657
2020-09-07 00:00:00+00:00,100289.74544530142,0.00035160518082921755,0.08080121978444832,0.21486032635213398,-0.0804496146036191
2020-09-08 00:00:00+00:00,100054.74544530142,-0.0023432106538566755,0.07294481995354607,0.21474715622943982,-0.07528803060740274
2020-09-09 00:00:00+00:00,99702.24544530142,-0.0035230712789400265,0.07213258030960157,0.21458546466694112,-0.0756556515885416
2020-09-10 00:00:00+00:00,99833.84544530143,0.0013199301521469309,0.08814937609545548,0.2146158467036546,-0.08682944594330855
2020-09-11 00:00:00+00:00,100073.54544530142,0.002400989353168015,0.08819687548983812,0.2144539610751672,-0.08579588613667011
2020-09-14 00:00:00+00:00,99824.44544530142,-0.002489169329332297,0.08508566515776983,0.2143007947731326,-0.08757483448710213
2020-09-15 00:00:00+00:00,99890.24544530142,0.0006591571804528407,0.09554028186140684,0.2142179840547293,-0.094881124680954
2020-09-16 00:00:00+00:00,99815.04544530142,-0.0007528262611103953,0.10199069961858043,0.2140853552595805,-0.10274352587969082
2020-09-17 00:00:00+00:00,99697.54544530142,-0.0011771772429275407,0.09431479748633254,0.21397055594331527,-0.09549197472926008
2020-09-18 00:00:00+00:00,99570.64544530143,-0.0012728497921710158,0.09400130148340669,0.21381057056645553,-0.0952741512755777
2020-09-21 00:00:00+00:00,99215.79544530142,-0.0035638013433881843,0.0660431579497367,0.21423500787719865,-0.06960695929312488
2020-09-22 00:00:00+00:00,99286.29544530142,0.0007105723406597431,0.06165896384821146,0.21409129169449992,-0.060948391507551714
2020-09-23 00:00:00+00:00,99157.04544530142,-0.0013017909412402773,0.05789701181309992,0.2139438600643212,-0.059198802754340196
2020-09-24 00:00:00+00:00,98792.79544530142,-0.0036734656459780357,0.028015142806929738,0.21449089931731136,-0.031688608452907774
2020-09-25 00:00:00+00:00,99067.74544530142,0.002783097681978708,0.0483876330576789,0.21466916151562251,-0.045604535375700195
2020-09-28 00:00:00+00:00,99314.49544530142,0.002490719849239431,0.0676296377221195,0.21479762518101883,-0.06513891787288006
2020-09-29 00:00:00+00:00,99211.09544530143,-0.0010411370418424992,0.06613815673850199,0.21464064306608116,-0.06717929378034448
2020-09-30 00:00:00+00:00,99201.69544530142,-9.474746708326709e-05,0.06648490231749582,0.21448184294113007,-0.06657964978457909
2020-10-01 00:00:00+00:00,99439.04544530142,0.002392600236664988,0.08511416479439915,0.21458214934439548,-0.08272156455773416
2020-10-05 00:00:00+00:00,99406.14544530143,-0.0003308559515294851,0.09328881056766569,0.21447021623674095,-0.09361966651919518
2020-10-06 00:00:00+00:00,99509.54544530142,0.0010401771393186987,0.1077238765205748,0.21445783530321963,-0.1066836993812561
2020-10-07 00:00:00+00:00,99476.64544530143,-0.00033062154844309966,0.11611226956856346,0.21434646788396738,-0.11644289111700656
2020-10-08 00:00:00+00:00,99507.19544530142,0.00030710725983218445,0.12413491727980519,0.21423050646156958,-0.123827810019973
2020-10-09 00:00:00+00:00,99826.79544530142,0.003211828034844766,0.134095540281862,0.2141370685546684,-0.13088371224701723
2020-10-12 00:00:00+00:00,99862.04544530142,0.00035311160538364916,0.1339245424620843,0.2139804061025257,-0.13357143085670065
2020-10-13 00:00:00+00:00,99688.14544530143,-0.0017414023438488968,0.13288430572510257,0.21382515513553724,-0.13462570806895147
2020-10-14 00:00:00+00:00,99864.39544530143,0.0017680136310360695,0.13679825582223892,0.21367771843826722,-0.13503024219120285
2020-10-15 00:00:00+00:00,99563.59544530143,-0.003012084523805525,0.10887811180407492,0.21405121994403692,-0.11189019632788044
2020-10-16 00:00:00+00:00,99697.54544530142,0.0013453712614626134,0.11815949346645871,0.21395192751018824,-0.1168141222049961
2020-10-19 00:00:00+00:00,100089.99544530142,0.003936405838750767,0.12845261222919446,0.21386490496213145,-0.1245162063904437
2020-10-20 00:00:00+00:00,100040.64544530143,-0.0004930562718125087,0.13036208788338,0.21371138371066578,-0.1308551441551925
2020-10-21 00:00:00+00:00,100097.04544530142,0.0005637708528263286,0.1337012953084853,0.21356261840712934,-0.13313752445565896
2020-10-22 00:00:00+00:00,100071.19544530142,-0.0002582493807385955,0.13069933358349717,0.2134153115550409,-0.13095758296423576
2020-10-23 00:00:00+00:00,100017.14544530143,-0.0005401154623911886,0.13331655021398503,0.2132646216054831,-0.13385666567637622
2020-10-26 00:00:00+00:00,99763.34544530143,-0.0025375649231941244,0.11879123541174885,0.21325659267188532,-0.12132880033494298
2020-10-27 00:00:00+00:00,99643.49544530142,-0.001201343033005231,0.1293266010858365,0.21317432001744047,-0.13052794411884172
2020-10-28 00:00:00+00:00,99455.49544530142,-0.0018867262650695826,0.1140840454284211,0.21318182723061305,-0.11597077169349068
2020-10-29 00:00:00+00:00,99396.74544530142,-0.0005907164781288055,0.10870236404485878,0.21305049773578869,-0.10929308052298758
2020-10-30 00:00:00+00:00,99427.29544530142,0.00030735412777471716,0.10639864341729677,0.21290216133226422,-0.10609128928952205
2020-11-02 00:00:00+00:00,99706.94544530142,0.0028126079337424947,0.10699713578651893,0.21274967676782677,-0.10418452785277643
2020-11-03 00:00:00+00:00,100106.44544530142,0.004006741939749592,0.12171244816628612,0.21274172810975409,-0.11770570622653653
2020-11-04 00:00:00+00:00,100158.14544530143,0.0005164502622188039,0.12988234400011445,0.21263147702240995,-0.12936589373789564
2020-11-05 00:00:00+00:00,100766.49544530129,0.006073894412632619,0.15210731063179006,0.21279761020042434,-0.14603341621915744
2020-11-06 00:00:00+00:00,100752.0954453013,-0.00014290464242461276,0.16481339862916822,0.21274311613784702,-0.16495630327159283
2020-11-09 00:00:00+00:00,100819.2954453013,0.0006669836463746304,0.18445914814586195,0.21282244360135325,-0.18379216449948732
2020-11-10 00:00:00+00:00,101414.49544530129,0.005903631813445109,0.2008084396923948,0.21282369895349929,-0.1949048078789497
2020-11-11 00:00:00+00:00,101534.39544530016,0.0011822767492202235,0.2119185480385135,0.2127391910966177,-0.2107362712892933
2020-11-12 00:00:00+00:00,101193.99544530017,-0.0033525584951493714,0.20581962579977198,0.21261287748095392,-0.20917218429492135
2020-11-13 00:00:00+00:00,101350.39544530016,0.0015455462481914761,0.20867908934161172,0.2124658652179608,-0.20713354309342025
2020-11-17 00:00:00+00:00,101849.49544530017,0.004924499779276781,0.22347990063126755,0.212434006203698,-0.21855540085199077
2020-11-18 00:00:00+00:00,102366.99544530017,0.0050810266436513984,0.22891383134865118,0.2122979623297433,-0.22383280470499978
2020-11-19 00:00:00+00:00,101764.39544530016,-0.005886662955952304,0.21224154392031602,0.21231084468466022,-0.21812820687626833
2020-11-20 00:00:00+00:00,101883.99544530017,0.0011752637007929057,0.22035444048088482,0.2121949193488522,-0.2191791767800919
2020-11-23 00:00:00+00:00,101725.29544530016,-0.0015576538719982436,0.22815859097796576,0.2120761021639386,-0.229716244849964
2020-11-24 00:00:00+00:00,101996.69544530017,0.0026679696412967857,0.24216141244199219,0.21202847938972869,-0.2394934428006954
2020-11-25 00:00:00+00:00,101925.39544530016,-0.000699042255131288,0.2215609250982058,0.21211957003978493,-0.22225996735333708
2020-11-26 00:00:00+00:00,102051.89544530016,0.001241103843133029,0.23641398572168293,0.21208652736509104,-0.2351728818785499
2020-11-27 00:00:00+00:00,101980.59544530016,-0.0006986641422864759,0.22955507317281798,0.21196756769044298,-0.23025373731510446
2020-12-01 00:00:00+00:00,102139.29544530016,0.001556178401459718,0.24427988543146162,0.21193109693411455,-0.2427237070300019
2020-12-02 00:00:00+00:00,102088.69544530017,-0.0004954018899326895,0.244878377800684,0.21178346734583314,-0.2453737796906167
2020-12-03 00:00:00+00:00,102546.39544530016,0.004483356340323041,0.24796108849612275,0.21163972232536624,-0.2434777321557997
2020-12-04 00:00:00+00:00,102893.69544530017,0.003386759705125364,0.26070042606956867,0.21157221145730298,-0.2573136663644433
2020-12-07 00:00:00+00:00,103167.39544530016,0.0026600269221110917,0.2687278237202486,0.21145471919203657,-0.2660677967981375
2020-12-08 00:00:00+00:00,103199.59544530016,0.0003121141118374027,0.27196728241714996,0.2113119866090613,-0.27165516830531256
2020-12-09 00:00:00+00:00,103181.19544530017,-0.00017829527257928746,0.2855758589077997,0.2112528158277419,-0.28575415418037897
2020-12-10 00:00:00+00:00,103165.09544530016,-0.00015603618402093566,0.280730920680762,0.21112143144550738,-0.28088695686478293
2020-12-11 00:00:00+00:00,103282.39544530016,0.0011370124700966766,0.28301089161113246,0.21097727792064278,-0.2818738791410358
2020-12-14 00:00:00+00:00,103362.89544530016,0.0007794164693115668,0.2876943318972689,0.21084043717608345,-0.28691491542795733
2020-12-15 00:00:00+00:00,103192.69544530017,-0.001646625699355142,0.28861107020885535,0.2106954421044351,-0.2902576959082105
2020-12-16 00:00:00+00:00,103137.49544530017,-0.0005349215829840714,0.29889468909271466,0.21059738291102803,-0.29942961067569873
2020-12-17 00:00:00+00:00,103045.49544530017,-0.000892013128715119,0.30479411387504873,0.21046663646502978,-0.30568612700376385
2020-12-18 00:00:00+00:00,103236.39544530016,0.001852579767558371,0.3056728526711292,0.21032247148217498,-0.30382027290357083
2020-12-21 00:00:00+00:00,102435.99544530017,-0.007753079682291886,0.2619021607474512,0.21112191742570172,-0.2696552404297431
2020-12-22 00:00:00+00:00,102578.59544530016,0.0013920887807072901,0.27875969581387894,0.21111428257631445,-0.27736760703317165
2020-12-23 00:00:00+00:00,102836.19544530017,0.002511245147018837,0.29285276612723243,0.21106155964077983,-0.2903415209802136
2020-12-24 00:00:00+00:00,103022.49544530017,0.001811618945968485,0.3053213571526967,0.21098658871239648,-0.3035097382067282
2020-12-28 00:00:00+00:00,103431.89544530016,0.00397388937464993,0.3186781868531181,0.21092066885047936,-0.3147042974784682
2020-12-29 00:00:00+00:00,103523.89544530016,0.0008894741762579539,0.3230386312574518,0.21078387991213077,-0.32214915708119385
2020-12-30 00:00:00+00:00,103420.39544530016,-0.0009997691794226826,0.32763182269426094,0.21064813708702693,-0.3286315918736836
2020-12-31 00:00:00+00:00,103369.79544530017,-0.0004892651955364924,0.3268480826869462,0.21050628937218585,-0.3273373478824827
2021-01-01 00:00:00+00:00,103583.69544530017,0.0020692698392070774,0.3313890247899345,0.21037086111563477,-0.3293197549507274
